date,0d,1m,2m,3m,6m,9m,1y,3y,5y,7y,10y
2022-01-04,1.6744,1.9903,2.0484,2.0722,2.171,2.1749,2.2529,2.4438,2.6127,2.785,2.7855
2022-01-05,1.7344,1.9059,2.0473,2.0704,2.1637,2.1765,2.2284,2.449,2.6423,2.8008,2.8045
2022-01-06,1.7644,1.9055,2.0197,2.0413,2.1663,2.1879,2.2303,2.4812,2.6585,2.818,2.8205
2022-01-07,1.7591,1.9119,2.0041,2.0476,2.1549,2.1504,2.2295,2.4734,2.6544,2.8155,2.8181
2022-01-10,1.78,1.919,2.011,2.0517,2.14,2.14,2.2143,2.4513,2.6281,2.8011,2.8056
2022-01-11,1.7369,1.929,2.0,2.0046,2.113,2.1405,2.1957,2.4229,2.6096,2.7852,2.7957
2022-01-12,1.7249,1.9447,1.9979,2.004,2.114,2.1392,2.1898,2.4231,2.6104,2.7872,2.7957
2022-01-13,1.9,1.9946,2.0026,2.0254,2.1221,2.1426,2.1812,2.4266,2.6026,2.7733,2.7858
2022-01-14,1.8687,1.9999,2.0025,2.0258,2.1154,2.1432,2.1721,2.4298,2.6125,2.775,2.7935
2022-01-17,1.8408,1.9919,2.0012,2.0201,2.1074,2.1236,2.1566,2.4162,2.5922,2.7696,2.786
2022-01-18,1.75,1.9682,1.98,1.98,2.0638,2.08,2.0501,2.3542,2.4895,2.7092,2.7415
2022-01-19,1.7599,1.9373,1.9021,1.9319,1.9856,2.0394,2.0401,2.332,2.4895,2.7032,2.7314
2022-01-20,1.86,1.9191,1.9,1.9216,1.9753,2.0135,2.0204,2.3038,2.4745,2.6847,2.7271
2022-01-21,1.888,1.9037,1.8846,1.875,1.89,1.9749,2.0018,2.2614,2.4295,2.6596,2.71
2022-01-24,1.76,1.826,1.8,1.8002,1.8643,1.9492,1.9502,2.2188,2.3527,2.6213,2.6751
2022-01-25,1.66,1.7058,1.7597,1.8017,1.8503,1.9848,1.9656,2.261,2.4006,2.6435,2.6979
2022-01-26,1.66,1.6989,1.7037,1.7724,1.8818,1.985,1.9807,2.2653,2.4188,2.673,2.7146
2022-01-27,1.66,1.7068,1.7308,1.7967,1.8938,1.9699,1.9936,2.2815,2.4215,2.6893,2.7348
2022-01-28,1.64,1.6868,1.7312,1.7876,1.8941,1.955,1.9507,2.2415,2.3815,2.6587,2.7021
2022-01-29,1.695,1.695,1.7312,1.7876,1.8941,1.9453,1.9512,2.2327,2.3682,2.6521,2.7013
2022-01-30,1.73,1.73,1.7354,1.7756,1.8882,1.9455,1.9514,2.2318,2.3634,2.6555,2.6997
2022-02-07,1.5505,1.5505,1.5967,1.6644,1.8225,1.9248,1.9472,2.2697,2.4142,2.6769,2.7256
2022-02-08,1.4825,1.5578,1.592,1.6529,1.8268,1.8938,1.9049,2.278,2.4193,2.6801,2.7227
2022-02-09,1.35,1.5621,1.5958,1.6608,1.8254,1.8775,1.9001,2.299,2.4345,2.6902,2.7328
2022-02-10,1.339,1.5267,1.5838,1.6198,1.8054,1.8463,1.8837,2.2965,2.4318,2.6903,2.7328
2022-02-11,1.478,1.53,1.5911,1.5933,1.7991,1.8653,1.9192,2.3465,2.5001,2.7605,2.7891
2022-02-14,1.45,1.4591,1.5392,1.582,1.7935,1.8526,1.9017,2.359,2.5214,2.784,2.8018
2022-02-15,1.4571,1.4662,1.5849,1.6052,1.7821,1.8266,1.8847,2.3472,2.5169,2.7791,2.7968
2022-02-16,1.5,1.5178,1.6194,1.7065,1.89,1.89,1.9279,2.3281,2.497,2.7626,2.7892
2022-02-17,1.5,1.5287,1.6282,1.7528,1.92,1.92,1.9095,2.3013,2.4799,2.7493,2.7799
2022-02-18,1.6,1.6006,1.6265,1.8269,1.94,1.94,1.9781,2.3088,2.5086,2.7669,2.7975
2022-02-21,1.61,1.6122,1.7925,1.8256,1.96,1.96,2.0326,2.3408,2.5701,2.8175,2.83
2022-02-22,1.6,1.6171,1.8021,1.8689,1.9682,2.0059,2.1162,2.3561,2.6007,2.8164,2.82
2022-02-23,1.55,1.6686,1.8219,1.9322,1.9613,1.9912,2.0935,2.3486,2.5608,2.7865,2.79
2022-02-24,1.7,1.7085,1.8437,1.9574,1.9862,2.0043,2.0948,2.3386,2.5561,2.7875,2.7875
2022-02-25,1.734,1.848,1.9015,1.9334,1.98,1.98,2.0242,2.295,2.5274,2.7662,2.775
2022-02-28,1.8,1.8894,1.8999,1.9,2.0,2.0,2.0442,2.293,2.5105,2.7697,2.775
2022-03-01,1.7286,1.7781,1.8766,1.8962,2.0028,2.0095,2.0537,2.303,2.5419,2.7973,2.8025
2022-03-02,1.7452,1.796,1.8619,1.9139,2.0137,2.0425,2.0867,2.3156,2.5651,2.8088,2.8175
2022-03-03,1.6967,1.7652,1.8929,1.9103,2.0448,2.0743,2.1167,2.3407,2.5958,2.8283,2.83
2022-03-04,1.6682,1.7817,1.8444,1.8864,2.0356,2.065,2.1074,2.3309,2.5705,2.8108,2.8125
2022-03-07,1.65,1.7165,1.7993,1.8013,2.0018,2.0425,2.0849,2.3312,2.5546,2.8038,2.8126
2022-03-08,1.57,1.6319,1.7498,1.7446,1.9725,2.0262,2.0687,2.3017,2.5422,2.8103,2.8276
2022-03-09,1.65,1.688,1.7496,1.8902,2.034,2.1109,2.115,2.3165,2.568,2.8254,2.8426
2022-03-10,1.55,1.667,1.8552,1.9004,2.0453,2.1122,2.115,2.3265,2.5888,2.8329,2.8502
2022-03-11,1.565,1.7238,1.8813,1.9006,2.0353,2.0824,2.0863,2.3227,2.5153,2.7696,2.7902
2022-03-14,1.5419,1.7546,1.7861,1.8053,1.9573,2.0686,2.0725,2.2816,2.4809,2.7471,2.7677
2022-03-15,1.5419,1.8243,1.8997,1.9276,1.9976,2.1237,2.1275,2.3329,2.569,2.8023,2.8177
2022-03-16,1.5419,1.8834,1.9642,2.02,2.02,2.1393,2.1431,2.3521,2.5549,2.7849,2.7952
2022-03-17,1.5109,1.9397,2.0274,2.03,2.03,2.1331,2.1368,2.3608,2.547,2.7825,2.7876
2022-03-18,1.4919,1.8877,1.9971,1.99,1.99,2.1069,2.1106,2.3393,2.5382,2.7842,2.7927
2022-03-21,1.5419,1.9756,1.9906,2.0019,2.0097,2.1344,2.15,2.3847,2.5735,2.8059,2.8127
2022-03-22,1.61,1.9632,1.9699,2.0101,2.0179,2.1493,2.1649,2.4421,2.6046,2.8267,2.8302
2022-03-23,1.61,1.9921,2.0095,2.0506,2.0584,2.1525,2.168,2.4582,2.6062,2.8234,2.8302
2022-03-24,1.56,1.994,2.0252,2.0639,2.1316,2.1548,2.1704,2.4433,2.5861,2.8001,2.8052
2022-03-25,1.556,2.05,2.05,2.0406,2.1305,2.1477,2.1632,2.4309,2.5756,2.825,2.7972
2022-03-28,1.606,2.0355,2.0015,2.0157,2.1302,2.1439,2.1595,2.439,2.5837,2.82,2.7903
2022-03-29,1.5912,2.0096,2.01,2.0109,2.0649,2.1426,2.1582,2.4414,2.5864,2.82,2.7853
2022-03-30,1.6794,2.0,2.0,1.9502,2.0737,2.1389,2.1545,2.4302,2.5662,2.805,2.7703
2022-03-31,1.8912,1.8991,1.901,1.9112,2.0419,2.1144,2.1299,2.4151,2.5733,2.815,2.7878
2022-04-01,1.6412,1.838,1.8631,1.8842,2.0161,2.0897,2.1052,2.3807,2.5495,2.7925,2.7743
2022-04-02,1.5434,1.7905,1.8414,1.8882,2.0158,2.0852,2.1006,2.376,2.5342,2.79,2.7714
2022-04-06,1.6558,1.7887,1.85,1.8538,2.0154,2.0787,2.0832,2.3561,2.5209,2.775,2.7604
2022-04-07,1.6375,1.7994,1.8001,1.8333,2.019,2.0599,2.06,2.3446,2.5086,2.755,2.7394
2022-04-08,1.6375,1.7985,1.8051,1.8073,2.018,2.0584,2.0669,2.3541,2.524,2.77,2.7529
2022-04-11,1.5875,1.7916,1.7999,1.8148,2.0311,2.0672,2.0757,2.3874,2.552,2.785,2.768
2022-04-12,1.6,1.7852,1.7998,1.9043,2.0097,2.0644,2.0729,2.4033,2.5671,2.7925,2.7705
2022-04-13,1.5,1.7517,1.7799,1.9257,2.0013,2.0447,2.0521,2.3894,2.5526,2.7825,2.7631
2022-04-14,1.4049,1.7039,1.7502,1.9061,1.961,2.0149,2.0264,2.3701,2.5441,2.78,2.7656
2022-04-15,1.3995,1.7039,1.7317,1.8704,1.9422,1.9803,1.9918,2.3454,2.5226,2.77,2.7578
2022-04-18,1.3995,1.6811,1.7217,1.8631,1.9563,2.0028,2.0143,2.3851,2.5798,2.815,2.8107
2022-04-19,1.3784,1.6219,1.6736,1.8281,1.9592,2.0069,2.0184,2.3938,2.5635,2.825,2.8208
2022-04-20,1.3934,1.6216,1.6729,1.8585,1.9654,1.9918,2.0136,2.4088,2.5862,2.845,2.833
2022-04-21,1.3284,1.6167,1.6569,1.861,1.9528,1.9606,1.9825,2.3989,2.5788,2.845,2.8259
2022-04-22,1.2784,1.5761,1.6537,1.8815,1.9493,1.9323,1.9542,2.4202,2.6018,2.86,2.8409
2022-04-24,1.2784,1.6082,1.6663,1.8744,1.93,1.9304,1.9523,2.4201,2.6023,2.8549,2.8335
2022-04-25,1.2284,1.5586,1.657,1.8801,1.8956,1.8321,1.9282,2.3965,2.5776,2.8349,2.816
2022-04-26,1.3284,1.5453,1.6192,1.871,1.89,1.8918,1.9633,2.4078,2.5894,2.8425,2.826
2022-04-27,1.3254,1.5732,1.669,1.8544,1.9073,2.0007,2.041,2.4342,2.6131,2.855,2.8411
2022-04-28,1.3234,1.6414,1.7141,1.8995,1.9399,2.0208,2.0563,2.4476,2.6334,2.86,2.8486
2022-04-29,1.5917,1.6064,1.687,1.8476,1.9001,1.9932,2.032,2.4315,2.6136,2.8475,2.8386
2022-05-05,1.4417,1.5185,1.7468,1.8427,1.8945,1.993,2.0367,2.4391,2.6075,2.8399,2.8282
2022-05-06,1.4417,1.5206,1.7897,1.832,1.8714,2.0129,2.0454,2.4463,2.6204,2.8399,2.8273
2022-05-07,1.3847,1.5123,1.7852,1.8314,1.8711,2.013,2.0423,2.445,2.6207,2.8374,2.8263
2022-05-09,1.3292,1.4863,1.7966,1.8131,1.8874,2.0031,2.0373,2.4335,2.6037,2.8249,2.8154
2022-05-10,1.3253,1.4949,1.7984,1.8031,1.8788,1.9959,2.0306,2.4117,2.5789,2.813,2.8089
2022-05-11,1.3053,1.5078,1.7804,1.8003,1.9334,1.9871,2.051,2.4121,2.5997,2.8225,2.824
2022-05-12,1.2893,1.4895,1.7617,1.7808,1.9147,1.9671,2.0261,2.3923,2.5723,2.8027,2.8055
2022-05-13,1.2628,1.4994,1.73,1.7204,1.8858,1.9509,2.0125,2.3909,2.5852,2.8103,2.814
2022-05-16,1.2628,1.5103,1.6761,1.7059,1.8409,1.9614,1.997,2.3802,2.5817,2.8114,2.8216
2022-05-17,1.2768,1.4803,1.6378,1.6799,1.7921,1.9253,1.9474,2.357,2.5725,2.8023,2.8178
2022-05-18,1.2268,1.4503,1.6481,1.6601,1.7905,1.8443,1.9275,2.3356,2.5424,2.7899,2.7801
2022-05-19,1.35,1.4469,1.6509,1.6638,1.8036,1.8581,1.9421,2.3386,2.5428,2.7849,2.7774
2022-05-20,1.3135,1.4405,1.6498,1.6506,1.7944,1.8513,1.9565,2.3524,2.5503,2.79,2.79
2022-05-23,1.311,1.3188,1.5726,1.6512,1.7275,1.8802,1.9568,2.3426,2.531,2.771,2.7675
2022-05-24,1.3,1.3004,1.5782,1.5817,1.6959,1.902,1.9677,2.3505,2.5439,2.7675,2.765
2022-05-25,1.3,1.3064,1.5901,1.6017,1.7589,1.9067,1.9773,2.3527,2.5415,2.76,2.7575
2022-05-26,1.25,1.2626,1.5526,1.5815,1.7391,1.8652,1.9246,2.3156,2.4885,2.7058,2.71
2022-05-27,1.2002,1.2176,1.5124,1.5778,1.7321,1.8653,1.9133,2.2905,2.4767,2.6954,2.6974
2022-05-30,1.1928,1.2364,1.5232,1.5998,1.7351,1.8682,1.9141,2.3036,2.5113,2.7275,2.7225
2022-05-31,1.2277,1.2284,1.5246,1.5996,1.7333,1.8683,1.916,2.3413,2.5464,2.7569,2.7426
2022-06-01,1.2002,1.2426,1.4982,1.5206,1.7295,1.8791,1.9415,2.3463,2.5594,2.7674,2.7551
2022-06-02,1.2102,1.2541,1.5053,1.5325,1.7531,1.8983,1.9564,2.3413,2.563,2.7748,2.7601
2022-06-06,1.2,1.2345,1.4764,1.5418,1.7877,1.9473,2.0199,2.3743,2.5994,2.7997,2.7776
2022-06-07,1.2144,1.2863,1.5261,1.5566,1.7966,1.9508,2.018,2.3674,2.5842,2.7822,2.7576
2022-06-08,1.21,1.332,1.5498,1.5656,1.7845,1.9498,2.0282,2.3625,2.585,2.7848,2.7661
2022-06-09,1.1789,1.3122,1.5411,1.5572,1.7882,1.9451,2.0151,2.3533,2.5726,2.7698,2.7576
2022-06-10,1.15,1.3069,1.5266,1.5315,1.7758,1.9351,2.0051,2.3478,2.568,2.7673,2.7526
2022-06-13,1.15,1.3464,1.5501,1.5613,1.7737,1.9324,2.0026,2.3531,2.5899,2.7798,2.7652
2022-06-14,1.155,1.3891,1.5343,1.5602,1.8367,1.9474,2.0176,2.3587,2.5952,2.7799,2.7702
2022-06-15,1.155,1.4425,1.5376,1.5862,1.8469,1.9658,2.036,2.3637,2.6112,2.7924,2.7827
2022-06-16,1.18,1.5084,1.5129,1.5613,1.8418,1.965,2.0352,2.354,2.5936,2.7774,2.7728
2022-06-17,1.181,1.5226,1.5698,1.6118,1.7891,1.94,2.0102,2.3449,2.5944,2.79,2.7752
2022-06-20,1.1824,1.5344,1.5727,1.6267,1.8039,1.9355,2.0056,2.3492,2.6163,2.793,2.7853
2022-06-21,1.1992,1.5276,1.564,1.6245,1.8167,1.9317,2.0018,2.3785,2.6118,2.79,2.7853
2022-06-22,1.2052,1.5353,1.5638,1.6029,1.7994,1.9168,1.9869,2.374,2.6045,2.7875,2.7773
2022-06-23,1.1753,1.526,1.5647,1.5821,1.7593,1.8894,1.9608,2.3719,2.6077,2.79,2.7803
2022-06-24,1.1733,1.4959,1.569,1.5829,1.7611,1.8925,1.9653,2.3826,2.634,2.8,2.7978
2022-06-27,1.1753,1.5469,1.6114,1.5824,1.7783,1.9242,1.9971,2.4517,2.6704,2.85,2.8329
2022-06-28,1.1955,1.6199,1.62,1.6356,1.7841,1.9248,1.9976,2.4732,2.6825,2.86,2.8414
2022-06-29,1.1956,1.6334,1.6601,1.6817,1.7783,1.9035,1.9763,2.4615,2.6732,2.8525,2.8294
2022-06-30,1.4,1.517,1.5979,1.6006,1.7919,1.8776,1.9504,2.4491,2.6529,2.8375,2.8205
2022-07-01,1.32,1.4845,1.5179,1.5328,1.7598,1.8596,1.9324,2.4455,2.6485,2.8425,2.8255
2022-07-04,1.3,1.4895,1.5226,1.5484,1.7831,1.9103,1.9831,2.492,2.6965,2.865,2.8445
2022-07-05,1.3,1.5046,1.5356,1.5578,1.8136,1.9372,2.01,2.5045,2.693,2.865,2.8333
2022-07-06,1.2,1.4835,1.5079,1.6169,1.7915,1.8973,1.9911,2.5079,2.6902,2.86,2.8356
2022-07-07,1.222,1.4826,1.5625,1.6599,1.7553,1.8887,1.9824,2.5028,2.6857,2.855,2.8356
2022-07-08,1.216,1.4966,1.5649,1.6309,1.729,1.8647,1.9584,2.4962,2.6785,2.855,2.8384
2022-07-11,1.2177,1.5291,1.5409,1.6305,1.7001,1.848,1.9417,2.456,2.6535,2.84,2.8266
2022-07-12,1.2076,1.5,1.5012,1.6004,1.6865,1.8408,1.9345,2.4304,2.6209,2.815,2.8117
2022-07-13,1.2156,1.5002,1.5044,1.6231,1.673,1.8439,1.9376,2.4294,2.6134,2.8125,2.8067
2022-07-14,1.1916,1.4911,1.4606,1.6256,1.6505,1.821,1.9147,2.3964,2.587,2.79,2.7907
2022-07-15,1.2076,1.4491,1.4722,1.6037,1.6378,1.7669,1.8837,2.3953,2.5848,2.7875,2.7857
2022-07-18,1.2146,1.4423,1.4734,1.5861,1.6185,1.732,1.8488,2.3784,2.5789,2.7784,2.7837
2022-07-19,1.2386,1.4291,1.4661,1.5895,1.6004,1.7322,1.8491,2.3805,2.5868,2.7782,2.7859
2022-07-20,1.2,1.4119,1.461,1.5964,1.6367,1.7255,1.8712,2.37,2.5634,2.7564,2.771
2022-07-21,1.2,1.399,1.4353,1.5857,1.6359,1.7259,1.8717,2.3575,2.5516,2.7512,2.7635
2022-07-22,1.1794,1.3681,1.4024,1.5767,1.6944,1.7288,1.9036,2.3762,2.5801,2.7716,2.787
2022-07-25,1.1636,1.3572,1.4026,1.5487,1.6962,1.7201,1.9007,2.365,2.5555,2.7642,2.779
2022-07-26,1.1346,1.3471,1.3892,1.5411,1.6769,1.7002,1.881,2.3355,2.5415,2.7534,2.77
2022-07-27,1.0426,1.322,1.3498,1.5399,1.6691,1.7008,1.8772,2.3337,2.5205,2.7522,2.7701
2022-07-28,1.0486,1.3149,1.3454,1.5506,1.6856,1.7006,1.8905,2.3613,2.5483,2.7694,2.785
2022-07-29,1.1526,1.286,1.3526,1.4988,1.6562,1.6709,1.8623,2.3228,2.5136,2.7374,2.756
2022-08-01,1.149,1.2438,1.3355,1.4558,1.5902,1.6409,1.8269,2.2912,2.4895,2.7079,2.7292
2022-08-02,1.049,1.1731,1.2655,1.4172,1.5451,1.5741,1.7705,2.2855,2.4899,2.7038,2.7314
2022-08-03,1.0,1.1912,1.2303,1.4395,1.5446,1.5532,1.7528,2.2495,2.4501,2.6852,2.7218
2022-08-04,1.0,1.1303,1.2072,1.4095,1.53,1.5328,1.6907,2.2448,2.4379,2.685,2.7192
2022-08-05,1.0,1.1266,1.2335,1.4169,1.5473,1.5534,1.7116,2.27,2.4657,2.6979,2.7339
2022-08-08,1.0,1.1695,1.2595,1.439,1.5534,1.6108,1.7316,2.2822,2.4715,2.7056,2.7409
2022-08-09,1.0025,1.2055,1.3447,1.4689,1.5755,1.6385,1.7886,2.3116,2.4889,2.7055,2.74
2022-08-10,1.03,1.2255,1.3507,1.4699,1.6221,1.6435,1.8136,2.3287,2.4914,2.7095,2.7366
2022-08-11,1.03,1.2421,1.3899,1.4871,1.6621,1.6648,1.8161,2.3357,2.4839,2.7024,2.7317
2022-08-12,1.0017,1.2003,1.4147,1.4508,1.6614,1.6673,1.8115,2.3358,2.4892,2.7072,2.7347
2022-08-15,1.0007,1.1631,1.3377,1.418,1.6016,1.6075,1.7167,2.2433,2.395,2.6216,2.6582
2022-08-16,1.0083,1.189,1.365,1.4111,1.5799,1.5904,1.7199,2.2449,2.3828,2.6011,2.6346
2022-08-17,1.05,1.2321,1.4095,1.4309,1.6027,1.6104,1.719,2.2475,2.3801,2.6019,2.6124
2022-08-18,1.08,1.2444,1.404,1.4557,1.607,1.6299,1.7004,2.2235,2.3578,2.5716,2.58
2022-08-19,1.08,1.2574,1.4301,1.4308,1.5953,1.6349,1.7248,2.2279,2.3708,2.5812,2.5875
2022-08-22,1.08,1.2294,1.4303,1.4308,1.6144,1.6416,1.757,2.2432,2.3967,2.5821,2.5925
2022-08-23,1.08,1.2354,1.4423,1.4604,1.6315,1.6716,1.7571,2.2719,2.4091,2.5971,2.6075
2022-08-24,1.1,1.2254,1.4548,1.4603,1.6362,1.6866,1.7496,2.2629,2.4122,2.5976,2.61
2022-08-25,1.131,1.241,1.455,1.4606,1.6493,1.6996,1.7912,2.2829,2.4448,2.6233,2.639
2022-08-26,1.15,1.2543,1.46,1.4611,1.6841,1.7391,1.7922,2.2629,2.4433,2.6314,2.643
2022-08-29,1.15,1.2789,1.46,1.4631,1.6799,1.7361,1.7561,2.2165,2.413,2.6123,2.6225
2022-08-30,1.15,1.2833,1.4596,1.4635,1.658,1.7206,1.7406,2.1916,2.4071,2.6065,2.613
2022-08-31,1.15,1.2843,1.4621,1.4704,1.6631,1.7006,1.7378,2.1918,2.4065,2.6144,2.6225
2022-09-01,1.13,1.161,1.4605,1.4708,1.6629,1.6963,1.7243,2.19,2.3965,2.6064,2.6125
2022-09-02,1.13,1.1507,1.44,1.4416,1.6654,1.6698,1.7193,2.183,2.4024,2.6124,2.6226
2022-09-05,1.08,1.1604,1.4373,1.4436,1.6473,1.6593,1.7132,2.1743,2.3882,2.6035,2.618
2022-09-06,1.02,1.1544,1.439,1.4442,1.6413,1.6588,1.7127,2.1696,2.3835,2.5987,2.614
2022-09-07,1.064,1.1594,1.4599,1.4628,1.6535,1.6862,1.7365,2.1748,2.3914,2.6043,2.6215
2022-09-08,1.034,1.1594,1.461,1.4733,1.6663,1.7046,1.749,2.1752,2.3986,2.6091,2.6256
2022-09-09,1.014,1.1501,1.4305,1.4613,1.6574,1.7094,1.7597,2.1779,2.4184,2.6262,2.635
2022-09-13,1.004,1.1671,1.4475,1.4642,1.669,1.7193,1.7697,2.1897,2.4303,2.6327,2.6427
2022-09-14,1.0325,1.22,1.464,1.4747,1.6918,1.7535,1.8015,2.2133,2.4499,2.6487,2.6625
2022-09-15,1.0325,1.2467,1.4729,1.4961,1.7049,1.7731,1.8058,2.2241,2.4546,2.6527,2.6625
2022-09-16,1.014,1.2613,1.483,1.4907,1.7078,1.7888,1.8298,2.2496,2.4666,2.6647,2.673
2022-09-19,1.13,1.3499,1.4676,1.4726,1.7349,1.8115,1.8506,2.2606,2.459,2.6683,2.675
2022-09-20,1.134,1.4115,1.47,1.4736,1.7448,1.8105,1.8483,2.2514,2.4415,2.66,2.664
2022-09-21,1.034,1.4192,1.4668,1.5091,1.7422,1.7897,1.8282,2.2386,2.4325,2.6412,2.6451
2022-09-22,0.984,1.4246,1.4514,1.4729,1.7335,1.7803,1.8232,2.2353,2.4429,2.6372,2.6501
2022-09-23,1.034,1.4274,1.4798,1.482,1.7358,1.7844,1.828,2.2491,2.4688,2.6533,2.6802
2022-09-26,1.134,1.4349,1.4928,1.513,1.7485,1.8172,1.8608,2.2916,2.512,2.6803,2.7154
2022-09-27,1.184,1.52,1.5202,1.5509,1.7592,1.8276,1.8711,2.2857,2.5026,2.6901,2.7051
2022-09-28,1.234,1.5065,1.52,1.5957,1.832,1.8589,1.9024,2.308,2.5315,2.735,2.7401
2022-09-29,1.2768,1.4606,1.5006,1.608,1.8313,1.8495,1.893,2.3326,2.5616,2.75,2.7501
2022-09-30,1.4868,1.4919,1.5136,1.6026,1.81,1.81,1.8535,2.3341,2.5836,2.7551,2.7601
2022-10-08,1.1368,1.2419,1.2636,1.5463,1.7547,1.7888,1.8323,2.3404,2.5811,2.7577,2.7626
2022-10-09,1.1368,1.2269,1.2836,1.4963,1.7409,1.7856,1.829,2.2832,2.5486,2.7402,2.7452
2022-10-10,1.1368,1.2323,1.3047,1.4919,1.691,1.7473,1.7908,2.2784,2.5306,2.7304,2.7402
2022-10-11,1.15,1.2475,1.2931,1.4679,1.6996,1.7433,1.7867,2.2959,2.535,2.7329,2.7426
2022-10-12,1.21,1.3072,1.3269,1.472,1.7052,1.7633,1.8067,2.295,2.5219,2.7279,2.7352
2022-10-13,1.2,1.3,1.3121,1.5243,1.6681,1.7638,1.8051,2.2875,2.5122,2.7202,2.7252
2022-10-14,1.1998,1.286,1.3166,1.5142,1.6845,1.7441,1.7851,2.2598,2.4905,2.6951,2.6977
2022-10-17,1.21,1.2971,1.3012,1.5133,1.6752,1.7368,1.7856,2.2752,2.4931,2.6977,2.7002
2022-10-18,1.2,1.3004,1.3576,1.5462,1.6847,1.7375,1.7856,2.2725,2.4911,2.6991,2.7002
2022-10-19,1.08,1.2703,1.3167,1.6172,1.7106,1.7312,1.7806,2.2622,2.4762,2.7027,2.7052
2022-10-20,1.22,1.2829,1.2988,1.6265,1.7104,1.7314,1.7656,2.2676,2.4841,2.7128,2.7175
2022-10-21,1.28,1.2806,1.2809,1.6439,1.7356,1.7405,1.7706,2.2802,2.4918,2.7229,2.7278
2022-10-24,1.294,1.35,1.3502,1.6723,1.7501,1.7505,1.77,2.2794,2.4852,2.7104,2.7153
2022-10-25,1.354,1.3609,1.3746,1.7101,1.7601,1.7605,1.7945,2.2899,2.5031,2.7206,2.7278
2022-10-26,1.329,1.3367,1.3667,1.7184,1.8,1.8004,1.8005,2.2611,2.4835,2.6979,2.7025
2022-10-27,1.309,1.3095,1.3525,1.6998,1.7508,1.7531,1.7551,2.2573,2.4636,2.6904,2.6953
2022-10-28,1.3015,1.3246,1.3371,1.6539,1.7299,1.7303,1.7403,2.2416,2.4337,2.6605,2.6653
2022-10-31,1.2515,1.2537,1.2871,1.6249,1.6816,1.724,1.7305,2.2263,2.4272,2.654,2.6433
2022-11-01,1.2515,1.276,1.3324,1.628,1.6918,1.7261,1.7523,2.2451,2.4476,2.67,2.6629
2022-11-02,1.3,1.3432,1.38,1.6685,1.7111,1.724,1.7633,2.265,2.4629,2.695,2.6854
2022-11-03,1.3,1.3,1.425,1.6761,1.7252,1.7259,1.753,2.2663,2.4632,2.69,2.6776
2022-11-04,1.27,1.2892,1.4216,1.68,1.7403,1.7409,1.7628,2.2848,2.4887,2.7125,2.7023
2022-11-07,1.25,1.2895,1.4602,1.68,1.7454,1.746,1.7516,2.2956,2.4945,2.71,2.7003
2022-11-08,1.2548,1.2943,1.5196,1.6965,1.7628,1.7676,1.7774,2.3097,2.4841,2.7023,2.6853
2022-11-09,1.2202,1.2809,1.5144,1.7509,1.7612,1.7859,1.8156,2.3222,2.4968,2.7074,2.6953
2022-11-10,1.2202,1.258,1.5802,1.7713,1.7834,1.8097,1.8584,2.3229,2.5022,2.71,2.7028
2022-11-11,1.2,1.2487,1.593,1.8104,1.8134,1.8223,1.9614,2.3641,2.5348,2.7474,2.7354
2022-11-14,1.2,1.3007,1.7652,2.0067,2.0329,2.0417,2.0663,2.4939,2.6474,2.8499,2.8354
2022-11-15,1.3698,1.4705,1.836,2.0506,2.0527,2.0615,2.1342,2.4978,2.6475,2.8398,2.8155
2022-11-16,1.3698,1.5129,1.9574,2.1722,2.2,2.2005,2.2014,2.5405,2.6824,2.8598,2.8329
2022-11-17,1.22,1.5237,2.0414,2.1699,2.17,2.1705,2.1715,2.4831,2.6379,2.8149,2.8026
2022-11-18,1.2,1.3963,2.0592,2.1,2.1001,2.1221,2.1718,2.4793,2.6281,2.83,2.825
2022-11-21,1.1,1.3607,2.0412,2.0995,2.0996,2.1006,2.1504,2.4526,2.6195,2.8225,2.818
2022-11-22,1.1001,1.3906,2.0469,2.0999,2.1,2.101,2.1431,2.4253,2.6158,2.83,2.8276
2022-11-23,1.1,1.3765,2.0168,2.0701,2.1003,2.1013,2.1024,2.3857,2.5813,2.7932,2.7975
2022-11-24,1.0,1.2865,1.9368,1.9504,2.0268,2.0348,2.0581,2.3604,2.5723,2.7886,2.795
2022-11-25,0.9901,1.2452,1.9614,2.0002,2.0422,2.0477,2.0685,2.4154,2.6144,2.8215,2.83
2022-11-28,1.0021,1.2455,1.9611,2.0002,2.0422,2.0484,2.0699,2.4304,2.6541,2.8516,2.86
2022-11-29,1.2198,1.3265,2.0056,2.0221,2.0641,2.0813,2.1139,2.4715,2.7047,2.8737,2.88
2022-11-30,1.45,1.5567,1.9987,2.0811,2.0941,2.1016,2.1341,2.4717,2.6945,2.8745,2.885
2022-12-01,1.4,1.5367,2.0088,2.081,2.094,2.1073,2.1456,2.4517,2.6749,2.8558,2.86
2022-12-02,1.2,1.6663,2.0272,2.0627,2.141,2.1473,2.1554,2.4473,2.6702,2.855,2.8676
2022-12-05,1.1018,1.6725,2.0244,2.0539,2.1317,2.1381,2.1462,2.4533,2.6866,2.8652,2.8902
2022-12-06,1.1018,1.8286,2.0391,2.0551,2.1506,2.1527,2.1566,2.483,2.7325,2.8882,2.9152
2022-12-07,1.1018,1.8963,2.0686,2.0917,2.1665,2.2072,2.2495,2.4833,2.7061,2.8494,2.8702
2022-12-08,1.15,1.9101,2.0498,2.0716,2.1583,2.2012,2.2457,2.4936,2.6952,2.8563,2.8853
2022-12-09,1.12,1.9062,2.05,2.0505,2.1735,2.2295,2.2869,2.5033,2.7344,2.8654,2.8903
2022-12-12,1.101,1.9309,2.06,2.0605,2.184,2.2492,2.3019,2.5349,2.7414,2.8738,2.8902
2022-12-13,1.0774,1.9872,2.0898,2.1005,2.2321,2.2926,2.3369,2.5797,2.7595,2.8768,2.8952
2022-12-14,1.0274,2.0203,2.0881,2.0901,2.2029,2.2578,2.3019,2.5252,2.6968,2.8347,2.8655
2022-12-15,0.9774,2.0397,2.0985,2.1,2.1523,2.245,2.3169,2.52,2.7057,2.8522,2.8829
2022-12-16,0.9769,2.0461,2.093,2.1057,2.1871,2.2591,2.3169,2.531,2.7052,2.8528,2.8856
2022-12-19,1.0,2.1108,2.15,2.15,2.1507,2.2314,2.2969,2.5018,2.6705,2.8254,2.8632
2022-12-20,1.0,2.1519,2.1597,2.1602,2.1763,2.2429,2.2969,2.5074,2.6757,2.8331,2.8732
2022-12-21,1.0,2.1699,2.2196,2.22,2.2213,2.2508,2.2919,2.4917,2.6612,2.8256,2.8606
2022-12-22,0.9,2.1968,2.2099,2.2123,2.2156,2.2329,2.2669,2.4773,2.6416,2.8255,2.8503
2022-12-23,0.9,2.1041,2.1196,2.1203,2.1673,2.1913,2.2269,2.4608,2.6062,2.8152,2.8251
2022-12-26,0.9,2.15,2.15,2.1216,2.1962,2.2136,2.2469,2.4684,2.6276,2.8205,2.8378
2022-12-27,0.8,2.1541,2.17,2.1412,2.1887,2.2123,2.2469,2.4663,2.6703,2.8312,2.8657
2022-12-28,0.8,2.1318,2.16,2.1501,2.2087,2.21,2.2369,2.4712,2.6704,2.8317,2.8503
2022-12-29,0.719,1.9287,2.0509,2.1128,2.1387,2.1399,2.1669,2.4165,2.6382,2.8207,2.8376
2022-12-30,1.049,1.1687,1.9966,2.0519,2.0697,2.07,2.0969,2.404,2.6446,2.8182,2.8353
2022-12-31,1.049,1.1687,1.9966,2.0519,2.0697,2.07,2.0969,2.404,2.6446,2.8182,2.8353
