Индекс,Фиксинг,Дата
RUONIA Avg.,0.1444,22.04.2026
RUSFARCNY Comp.,0.002,23.04.2026
ESTR Comp.,0.01931,22.04.2026
SOFR Comp.,0.0364,22.04.2026
RUSFAR RUB 3m,0.1414,23.04.2026
OIS FX,0.1387469,22.04.2026
RusFar RUB O/N,0.1443,23.04.2026
RUB KeyRate,0.15,23.04.2026
Euribor EUR 6m,0.02385,22.04.2026
Euribor EUR 3m,0.02161,22.04.2026
Euribor EUR 1m,0.01936,22.04.2026
RUONIA Comp.,0.1444,22.04.2026
RUONIA Avg.,0.1444,21.04.2026
RUSFARCNY Comp.,0.0021,22.04.2026
ESTR Comp.,0.01932,21.04.2026
SOFR Comp.,0.0363,21.04.2026
RUSFAR RUB 3m,0.1413,22.04.2026
OIS FX,0.1387469,21.04.2026
RusFar RUB O/N,0.1447,22.04.2026
RUB KeyRate,0.15,22.04.2026
Euribor EUR 6m,0.02381,21.04.2026
Euribor EUR 3m,0.02168,21.04.2026
Euribor EUR 1m,0.01982,21.04.2026
RUONIA Comp.,0.1444,21.04.2026
RUONIA Avg.,0.1442,20.04.2026
RUSFARCNY Comp.,0.0027,21.04.2026
ESTR Comp.,0.01931,20.04.2026
SOFR Comp.,0.0363,20.04.2026
RUSFAR RUB 3m,0.1411,21.04.2026
OIS FX,0.1387469,20.04.2026
RusFar RUB O/N,0.1445,21.04.2026
RUB KeyRate,0.15,21.04.2026
Euribor EUR 6m,0.02416,20.04.2026
Euribor EUR 3m,0.02194,20.04.2026
Euribor EUR 1m,0.01995,20.04.2026
RUONIA Comp.,0.1442,20.04.2026
RUONIA Avg.,0.1448,17.04.2026
RUSFARCNY Comp.,0.0055,20.04.2026
ESTR Comp.,0.01932,17.04.2026
SOFR Comp.,0.0365,17.04.2026
RUSFAR RUB 3m,0.1426,20.04.2026
OIS FX,0.1387469,17.04.2026
RusFar RUB O/N,0.1447,20.04.2026
RUB KeyRate,0.15,20.04.2026
Euribor EUR 6m,0.02415,17.04.2026
Euribor EUR 3m,0.02204,17.04.2026
Euribor EUR 1m,0.01996,17.04.2026
RUONIA Comp.,0.1448,17.04.2026
RUONIA Avg.,0.145,16.04.2026
RUSFARCNY Comp.,0.005,17.04.2026
ESTR Comp.,0.01932,16.04.2026
SOFR Comp.,0.0367,16.04.2026
RUSFAR RUB 3m,0.1429,17.04.2026
OIS FX,0.1387469,16.04.2026
RusFar RUB O/N,0.1447,17.04.2026
RUB KeyRate,0.15,17.04.2026
Euribor EUR 6m,0.02453,16.04.2026
Euribor EUR 3m,0.02238,16.04.2026
Euribor EUR 1m,0.02004,16.04.2026
RUONIA Comp.,0.145,16.04.2026
RUONIA Avg.,0.1454,15.04.2026
RUSFARCNY Comp.,0.0055,16.04.2026
ESTR Comp.,0.01932,15.04.2026
SOFR Comp.,0.0372,15.04.2026
RUSFAR RUB 3m,0.1433,16.04.2026
OIS FX,0.1387469,15.04.2026
RusFar RUB O/N,0.1448,16.04.2026
RUB KeyRate,0.15,16.04.2026
Euribor EUR 6m,0.02468,15.04.2026
Euribor EUR 3m,0.0224,15.04.2026
Euribor EUR 1m,0.01998,15.04.2026
RUONIA Comp.,0.1454,15.04.2026
RUONIA Avg.,0.1449,14.04.2026
RUSFARCNY Comp.,0.0068,15.04.2026
ESTR Comp.,0.01932,14.04.2026
SOFR Comp.,0.0366,14.04.2026
RUSFAR RUB 3m,0.1443,15.04.2026
OIS FX,0.1387469,14.04.2026
RusFar RUB O/N,0.1453,15.04.2026
RUB KeyRate,0.15,15.04.2026
Euribor EUR 6m,0.02475,14.04.2026
Euribor EUR 3m,0.02243,14.04.2026
Euribor EUR 1m,0.01992,14.04.2026
RUONIA Comp.,0.1449,14.04.2026
RUONIA Avg.,0.1469,13.04.2026
RUSFARCNY Comp.,0.018,14.04.2026
ESTR Comp.,0.01932,13.04.2026
SOFR Comp.,0.0363,13.04.2026
RUSFAR RUB 3m,0.1442,14.04.2026
OIS FX,0.1387469,13.04.2026
RusFar RUB O/N,0.1454,14.04.2026
RUB KeyRate,0.15,14.04.2026
Euribor EUR 6m,0.02437,13.04.2026
Euribor EUR 3m,0.02204,13.04.2026
Euribor EUR 1m,0.02003,13.04.2026
RUONIA Comp.,0.1469,13.04.2026
RUONIA Avg.,0.1477,10.04.2026
RUSFARCNY Comp.,0.0304,13.04.2026
ESTR Comp.,0.01932,10.04.2026
SOFR Comp.,0.0361,10.04.2026
RUSFAR RUB 3m,0.1447,13.04.2026
OIS FX,0.1387469,10.04.2026
RusFar RUB O/N,0.1459,13.04.2026
RUB KeyRate,0.15,13.04.2026
Euribor EUR 6m,0.02453,10.04.2026
Euribor EUR 3m,0.02198,10.04.2026
Euribor EUR 1m,0.01998,10.04.2026
RUONIA Comp.,0.1477,10.04.2026
RUONIA Avg.,0.1481,09.04.2026
RUSFARCNY Comp.,0.0092,10.04.2026
ESTR Comp.,0.01931,09.04.2026
SOFR Comp.,0.0357,09.04.2026
RUSFAR RUB 3m,0.1448,10.04.2026
OIS FX,0.1387469,09.04.2026
RusFar RUB O/N,0.146,10.04.2026
RUB KeyRate,0.15,10.04.2026
Euribor EUR 6m,0.02429,09.04.2026
Euribor EUR 3m,0.0215,09.04.2026
Euribor EUR 1m,0.01962,09.04.2026
RUONIA Comp.,0.1481,09.04.2026
RUONIA Avg.,0.1483,08.04.2026
RUSFARCNY Comp.,0.0093,09.04.2026
ESTR Comp.,0.01931,08.04.2026
SOFR Comp.,0.0359,08.04.2026
RUSFAR RUB 3m,0.1449,09.04.2026
OIS FX,0.1387469,08.04.2026
RusFar RUB O/N,0.1466,09.04.2026
RUB KeyRate,0.15,09.04.2026
Euribor EUR 6m,0.02525,08.04.2026
Euribor EUR 3m,0.02162,08.04.2026
Euribor EUR 1m,0.01935,08.04.2026
RUONIA Comp.,0.1483,08.04.2026
RUONIA Avg.,0.1483,07.04.2026
RUSFARCNY Comp.,0.0107,08.04.2026
ESTR Comp.,0.01931,07.04.2026
SOFR Comp.,0.0362,07.04.2026
RUSFAR RUB 3m,0.1451,08.04.2026
OIS FX,0.1387469,07.04.2026
RusFar RUB O/N,0.1472,08.04.2026
RUB KeyRate,0.15,08.04.2026
Euribor EUR 6m,0.02512,07.04.2026
Euribor EUR 3m,0.0217,07.04.2026
Euribor EUR 1m,0.01918,07.04.2026
RUONIA Comp.,0.1483,07.04.2026
RUONIA Avg.,0.1488,06.04.2026
RUSFARCNY Comp.,0.0362,07.04.2026
ESTR Comp.,0.01931,02.04.2026
SOFR Comp.,0.0365,06.04.2026
RUSFAR RUB 3m,0.145,07.04.2026
OIS FX,0.1387469,06.04.2026
RusFar RUB O/N,0.1474,07.04.2026
RUB KeyRate,0.15,07.04.2026
Euribor EUR 6m,0.02458,02.04.2026
Euribor EUR 3m,0.02103,02.04.2026
Euribor EUR 1m,0.01909,02.04.2026
RUONIA Comp.,0.1488,06.04.2026
RUONIA Avg.,0.1491,03.04.2026
RUSFARCNY Comp.,0.0537,06.04.2026
SOFR Comp.,0.0365,03.04.2026
RUSFAR RUB 3m,0.1451,06.04.2026
OIS FX,0.1387469,03.04.2026
RusFar RUB O/N,0.1478,06.04.2026
RUB KeyRate,0.15,06.04.2026
RUONIA Comp.,0.1491,03.04.2026
RUONIA Avg.,0.1491,02.04.2026
RUSFARCNY Comp.,0.0537,03.04.2026
SOFR Comp.,0.0365,02.04.2026
RUSFAR RUB 3m,0.1451,03.04.2026
OIS FX,0.1387469,02.04.2026
RusFar RUB O/N,0.1478,03.04.2026
RUB KeyRate,0.15,03.04.2026
RUONIA Comp.,0.1491,02.04.2026
RUONIA Avg.,0.1489,01.04.2026
RUSFARCNY Comp.,0.0443,02.04.2026
ESTR Comp.,0.0193,01.04.2026
SOFR Comp.,0.0365,01.04.2026
RUSFAR RUB 3m,0.1453,02.04.2026
OIS FX,0.1387469,01.04.2026
RusFar RUB O/N,0.1477,02.04.2026
RUB KeyRate,0.15,02.04.2026
Euribor EUR 6m,0.02488,01.04.2026
Euribor EUR 3m,0.02075,01.04.2026
Euribor EUR 1m,0.01902,01.04.2026
RUONIA Comp.,0.1489,01.04.2026
RUONIA Avg.,0.1487,31.03.2026
RUSFARCNY Comp.,0.0368,01.04.2026
ESTR Comp.,0.01929,31.03.2026
SOFR Comp.,0.0368,31.03.2026
RUSFAR RUB 3m,0.1456,01.04.2026
OIS FX,0.1387469,31.03.2026
RusFar RUB O/N,0.1476,01.04.2026
RUB KeyRate,0.15,01.04.2026
Euribor EUR 6m,0.02475,31.03.2026
Euribor EUR 3m,0.02079,31.03.2026
Euribor EUR 1m,0.01893,31.03.2026
RUONIA Comp.,0.1487,31.03.2026
RUONIA Avg.,0.1482,30.03.2026
RUSFARCNY Comp.,0.0256,31.03.2026
ESTR Comp.,0.01932,30.03.2026
SOFR Comp.,0.0363,30.03.2026
RUSFAR RUB 3m,0.1457,31.03.2026
OIS FX,0.1387469,30.03.2026
RusFar RUB O/N,0.1469,31.03.2026
RUB KeyRate,0.15,31.03.2026
Euribor EUR 6m,0.02529,30.03.2026
Euribor EUR 3m,0.02122,30.03.2026
Euribor EUR 1m,0.01878,30.03.2026
RUONIA Comp.,0.1482,30.03.2026
RUONIA Avg.,0.1477,27.03.2026
RUSFARCNY Comp.,0.0845,30.03.2026
ESTR Comp.,0.0193,27.03.2026
SOFR Comp.,0.0365,27.03.2026
RUSFAR RUB 3m,0.147,30.03.2026
OIS FX,0.1387469,27.03.2026
RusFar RUB O/N,0.1458,30.03.2026
RUB KeyRate,0.15,30.03.2026
Euribor EUR 6m,0.02502,27.03.2026
Euribor EUR 3m,0.02135,27.03.2026
Euribor EUR 1m,0.01907,27.03.2026
RUONIA Comp.,0.1477,27.03.2026
RUONIA Avg.,0.1477,26.03.2026
RUSFARCNY Comp.,0.0845,27.03.2026
ESTR Comp.,0.0193,26.03.2026
SOFR Comp.,0.0365,26.03.2026
RUSFAR RUB 3m,0.147,27.03.2026
OIS FX,0.1387469,26.03.2026
RusFar RUB O/N,0.1458,27.03.2026
RUB KeyRate,0.15,27.03.2026
Euribor EUR 6m,0.02502,26.03.2026
Euribor EUR 3m,0.02135,26.03.2026
Euribor EUR 1m,0.01907,26.03.2026
RUONIA Comp.,0.1477,26.03.2026
RUONIA Avg.,0.149,25.03.2026
RUSFARCNY Comp.,0.0942,26.03.2026
ESTR Comp.,0.0193,25.03.2026
SOFR Comp.,0.0364,25.03.2026
RUSFAR RUB 3m,0.1472,26.03.2026
OIS FX,0.1387469,25.03.2026
RusFar RUB O/N,0.1458,26.03.2026
RUB KeyRate,0.15,26.03.2026
Euribor EUR 6m,0.02518,25.03.2026
Euribor EUR 3m,0.02135,25.03.2026
Euribor EUR 1m,0.01947,25.03.2026
RUONIA Comp.,0.149,25.03.2026
RUONIA Avg.,0.1487,24.03.2026
RUSFARCNY Comp.,0.1244,25.03.2026
ESTR Comp.,0.01932,24.03.2026
SOFR Comp.,0.0363,24.03.2026
RUSFAR RUB 3m,0.1481,25.03.2026
OIS FX,0.1387469,24.03.2026
RusFar RUB O/N,0.1482,25.03.2026
RUB KeyRate,0.15,25.03.2026
Euribor EUR 6m,0.02589,24.03.2026
Euribor EUR 3m,0.02178,24.03.2026
Euribor EUR 1m,0.0196,24.03.2026
RUONIA Comp.,0.1487,24.03.2026
RUONIA Avg.,0.1469,23.03.2026
RUSFARCNY Comp.,0.094,24.03.2026
ESTR Comp.,0.01932,23.03.2026
SOFR Comp.,0.0362,23.03.2026
RUSFAR RUB 3m,0.148,24.03.2026
OIS FX,0.1387469,23.03.2026
RusFar RUB O/N,0.1496,24.03.2026
RUB KeyRate,0.15,24.03.2026
Euribor EUR 6m,0.02468,23.03.2026
Euribor EUR 3m,0.02129,23.03.2026
Euribor EUR 1m,0.0194,23.03.2026
RUONIA Comp.,0.1469,23.03.2026
RUONIA Avg.,0.1479,20.03.2026
RUSFARCNY Comp.,0.0723,23.03.2026
ESTR Comp.,0.01932,20.03.2026
SOFR Comp.,0.0362,20.03.2026
RUSFAR RUB 3m,0.147,23.03.2026
OIS FX,0.1387469,20.03.2026
RusFar RUB O/N,0.1468,23.03.2026
RUB KeyRate,0.15,23.03.2026
Euribor EUR 6m,0.02406,20.03.2026
Euribor EUR 3m,0.02111,20.03.2026
Euribor EUR 1m,0.01919,20.03.2026
RUONIA Comp.,0.1479,20.03.2026
RUONIA Avg.,0.1479,19.03.2026
RUSFARCNY Comp.,0.1602,20.03.2026
ESTR Comp.,0.01934,19.03.2026
SOFR Comp.,0.0362,19.03.2026
RUSFAR RUB 3m,0.147,20.03.2026
OIS FX,0.1387469,19.03.2026
RusFar RUB O/N,0.1475,20.03.2026
RUB KeyRate,0.155,20.03.2026
Euribor EUR 6m,0.02317,19.03.2026
Euribor EUR 3m,0.02108,19.03.2026
Euribor EUR 1m,0.0192,19.03.2026
RUONIA Comp.,0.1479,19.03.2026
RUB KeyRate,0.155,19.03.2026
Euribor EUR 6m,0.02309,18.03.2026
Euribor EUR 3m,0.02121,18.03.2026
RUSFAR RUB 3m,0.1479,19.03.2026
Euribor EUR 1m,0.0194,18.03.2026
RUONIA Comp.,0.1476,18.03.2026
RusFar RUB O/N,0.1478,19.03.2026
OIS FX,0.1387469,18.03.2026
SOFR Comp.,0.0362,18.03.2026
ESTR Comp.,0.01933,18.03.2026
RUSFARCNY Comp.,0.4393,19.03.2026
RUONIA Avg.,0.1476,18.03.2026
RUB KeyRate,0.155,18.03.2026
Euribor EUR 6m,0.02333,17.03.2026
Euribor EUR 3m,0.02148,17.03.2026
RUSFAR RUB 3m,0.1481,18.03.2026
Euribor EUR 1m,0.01942,17.03.2026
RUONIA Comp.,0.1476,17.03.2026
RusFar RUB O/N,0.1478,18.03.2026
OIS FX,0.1387469,17.03.2026
SOFR Comp.,0.0365,17.03.2026
ESTR Comp.,0.01932,17.03.2026
RUSFARCNY Comp.,0.2081,18.03.2026
RUONIA Avg.,0.1476,17.03.2026
RUB KeyRate,0.155,17.03.2026
Euribor EUR 6m,0.02312,16.03.2026
Euribor EUR 3m,0.02157,16.03.2026
RUSFAR RUB 3m,0.1479,17.03.2026
Euribor EUR 1m,0.01958,16.03.2026
RUONIA Comp.,0.1481,16.03.2026
RusFar RUB O/N,0.1475,17.03.2026
OIS FX,0.1387469,16.03.2026
SOFR Comp.,0.037,16.03.2026
ESTR Comp.,0.01932,16.03.2026
RUSFARCNY Comp.,0.1432,17.03.2026
RUONIA Avg.,0.1481,16.03.2026
RUB KeyRate,0.155,16.03.2026
Euribor EUR 6m,0.02289,13.03.2026
Euribor EUR 3m,0.02157,13.03.2026
RUSFAR RUB 3m,0.1484,16.03.2026
Euribor EUR 1m,0.01948,13.03.2026
RUONIA Comp.,0.1485,13.03.2026
RusFar RUB O/N,0.1477,16.03.2026
OIS FX,0.1387469,13.03.2026
SOFR Comp.,0.0365,13.03.2026
ESTR Comp.,0.0193,13.03.2026
RUSFARCNY Comp.,0.1386,16.03.2026
RUONIA Avg.,0.1485,13.03.2026
RUB KeyRate,0.155,13.03.2026
Euribor EUR 6m,0.02225,12.03.2026
Euribor EUR 3m,0.0215,12.03.2026
RUSFAR RUB 3m,0.1489,13.03.2026
Euribor EUR 1m,0.0194,12.03.2026
RUONIA Comp.,0.1496,12.03.2026
RusFar RUB O/N,0.148,13.03.2026
OIS FX,0.1387469,12.03.2026
SOFR Comp.,0.0365,12.03.2026
ESTR Comp.,0.01932,12.03.2026
RUSFARCNY Comp.,0.1232,13.03.2026
RUONIA Avg.,0.1496,12.03.2026
RUB KeyRate,0.155,12.03.2026
Euribor EUR 6m,0.02173,11.03.2026
Euribor EUR 3m,0.02122,11.03.2026
RUSFAR RUB 3m,0.1494,12.03.2026
Euribor EUR 1m,0.0194,11.03.2026
RUONIA Comp.,0.1503,11.03.2026
RusFar RUB O/N,0.1487,12.03.2026
OIS FX,0.1387469,11.03.2026
SOFR Comp.,0.0364,11.03.2026
ESTR Comp.,0.01931,11.03.2026
RUSFARCNY Comp.,0.1153,12.03.2026
RUONIA Avg.,0.1503,11.03.2026
RUB KeyRate,0.155,11.03.2026
Euribor EUR 6m,0.02295,10.03.2026
Euribor EUR 3m,0.02138,10.03.2026
RUSFAR RUB 3m,0.1499,11.03.2026
Euribor EUR 1m,0.01951,10.03.2026
RUONIA Comp.,0.1536,10.03.2026
RusFar RUB O/N,0.1502,11.03.2026
OIS FX,0.1387469,10.03.2026
SOFR Comp.,0.0364,10.03.2026
ESTR Comp.,0.01933,10.03.2026
RUSFARCNY Comp.,0.0854,11.03.2026
RUONIA Avg.,0.1536,10.03.2026
RUB KeyRate,0.155,10.03.2026
Euribor EUR 6m,0.02178,09.03.2026
Euribor EUR 3m,0.02078,09.03.2026
RUSFAR RUB 3m,0.15,10.03.2026
Euribor EUR 1m,0.01941,09.03.2026
RUONIA Comp.,0.154,06.03.2026
RusFar RUB O/N,0.1526,10.03.2026
SOFR Comp.,0.0365,09.03.2026
ESTR Comp.,0.01932,09.03.2026
RUSFARCNY Comp.,0.06,10.03.2026
RUONIA Avg.,0.154,06.03.2026
Euribor EUR 6m,0.02139,06.03.2026
Euribor EUR 3m,0.02049,06.03.2026
Euribor EUR 1m,0.0194,06.03.2026
OIS FX,0.1387469,06.03.2026
SOFR Comp.,0.0365,06.03.2026
ESTR Comp.,0.01933,06.03.2026
RUB KeyRate,0.155,06.03.2026
Euribor EUR 6m,0.02136,05.03.2026
Euribor EUR 3m,0.02046,05.03.2026
RUSFAR RUB 3m,0.1505,06.03.2026
Euribor EUR 1m,0.01955,05.03.2026
RUONIA Comp.,0.154,05.03.2026
RusFar RUB O/N,0.1526,06.03.2026
OIS FX,0.1387469,05.03.2026
SOFR Comp.,0.0366,05.03.2026
ESTR Comp.,0.01935,05.03.2026
RUSFARCNY Comp.,0.0681,06.03.2026
RUONIA Avg.,0.154,05.03.2026
RUB KeyRate,0.155,05.03.2026
Euribor EUR 6m,0.02135,04.03.2026
Euribor EUR 3m,0.02056,04.03.2026
RUSFAR RUB 3m,0.1505,05.03.2026
Euribor EUR 1m,0.01948,04.03.2026
RUONIA Comp.,0.1534,04.03.2026
RusFar RUB O/N,0.1527,05.03.2026
OIS FX,0.1387469,04.03.2026
SOFR Comp.,0.0367,04.03.2026
ESTR Comp.,0.01934,04.03.2026
RUSFARCNY Comp.,0.0619,05.03.2026
RUONIA Avg.,0.1534,04.03.2026
RUB KeyRate,0.155,04.03.2026
Euribor EUR 6m,0.0212,03.03.2026
Euribor EUR 3m,0.02035,03.03.2026
RUSFAR RUB 3m,0.1505,04.03.2026
Euribor EUR 1m,0.01925,03.03.2026
RUONIA Comp.,0.1529,03.03.2026
RusFar RUB O/N,0.1527,04.03.2026
OIS FX,0.1387469,03.03.2026
SOFR Comp.,0.037,03.03.2026
ESTR Comp.,0.01934,03.03.2026
RUSFARCNY Comp.,0.0662,04.03.2026
RUONIA Avg.,0.1529,03.03.2026
RUB KeyRate,0.155,03.03.2026
Euribor EUR 6m,0.02131,02.03.2026
Euribor EUR 3m,0.02026,02.03.2026
RUSFAR RUB 3m,0.1518,03.03.2026
Euribor EUR 1m,0.01937,02.03.2026
RUONIA Comp.,0.1526,02.03.2026
RusFar RUB O/N,0.1527,03.03.2026
OIS FX,0.1387469,02.03.2026
SOFR Comp.,0.0371,02.03.2026
ESTR Comp.,0.01934,02.03.2026
RUSFARCNY Comp.,0.0557,03.03.2026
RUONIA Avg.,0.1526,02.03.2026
RUB KeyRate,0.155,02.03.2026
Euribor EUR 6m,0.02128,27.02.2026
Euribor EUR 3m,0.02013,27.02.2026
RUSFAR RUB 3m,0.151,02.03.2026
Euribor EUR 1m,0.01943,27.02.2026
RUONIA Comp.,0.153,27.02.2026
RusFar RUB O/N,0.152,02.03.2026
OIS FX,0.1387469,27.02.2026
SOFR Comp.,0.0368,27.02.2026
ESTR Comp.,0.0193,27.02.2026
RUSFARCNY Comp.,0.0635,02.03.2026
RUONIA Avg.,0.153,27.02.2026
RUB KeyRate,0.155,27.02.2026
Euribor EUR 6m,0.02134,26.02.2026
Euribor EUR 3m,0.02013,26.02.2026
RUSFAR RUB 3m,0.1493,27.02.2026
Euribor EUR 1m,0.01954,26.02.2026
RUONIA Comp.,0.1525,26.02.2026
RusFar RUB O/N,0.1519,27.02.2026
OIS FX,0.1387469,26.02.2026
SOFR Comp.,0.0367,26.02.2026
ESTR Comp.,0.01935,26.02.2026
RUSFARCNY Comp.,0.0849,27.02.2026
RUONIA Avg.,0.1525,26.02.2026
RUB KeyRate,0.155,26.02.2026
Euribor EUR 6m,0.02139,25.02.2026
Euribor EUR 3m,0.02011,25.02.2026
RUSFAR RUB 3m,0.1495,26.02.2026
Euribor EUR 1m,0.01928,25.02.2026
RUONIA Comp.,0.1525,25.02.2026
RusFar RUB O/N,0.1515,26.02.2026
OIS FX,0.1387469,25.02.2026
SOFR Comp.,0.0367,25.02.2026
ESTR Comp.,0.01933,25.02.2026
RUSFARCNY Comp.,0.1031,26.02.2026
RUONIA Avg.,0.1525,25.02.2026
RUB KeyRate,0.155,25.02.2026
Euribor EUR 6m,0.02149,24.02.2026
Euribor EUR 3m,0.02041,24.02.2026
RUSFAR RUB 3m,0.1498,25.02.2026
Euribor EUR 1m,0.01942,24.02.2026
RUONIA Comp.,0.1531,24.02.2026
RusFar RUB O/N,0.1516,25.02.2026
OIS FX,0.1387469,24.02.2026
SOFR Comp.,0.0367,24.02.2026
ESTR Comp.,0.01932,24.02.2026
RUSFARCNY Comp.,0.104,25.02.2026
RUONIA Avg.,0.1531,24.02.2026
RUB KeyRate,0.155,24.02.2026
Euribor EUR 6m,0.02145,23.02.2026
Euribor EUR 3m,0.02034,23.02.2026
RUSFAR RUB 3m,0.1513,24.02.2026
Euribor EUR 1m,0.0196,23.02.2026
RUONIA Comp.,0.153,20.02.2026
RusFar RUB O/N,0.1528,24.02.2026
OIS FX,0.1387469,20.02.2026
SOFR Comp.,0.0366,23.02.2026
ESTR Comp.,0.01931,23.02.2026
RUSFARCNY Comp.,0.106,24.02.2026
RUONIA Avg.,0.153,20.02.2026
Euribor EUR 6m,0.02104,20.02.2026
Euribor EUR 3m,0.02026,20.02.2026
Euribor EUR 1m,0.01938,20.02.2026
SOFR Comp.,0.0366,20.02.2026
ESTR Comp.,0.01933,20.02.2026
RUB KeyRate,0.155,20.02.2026
Euribor EUR 6m,0.02137,19.02.2026
Euribor EUR 3m,0.02024,19.02.2026
RUSFAR RUB 3m,0.1512,20.02.2026
Euribor EUR 1m,0.0193,19.02.2026
RUONIA Comp.,0.1525,19.02.2026
RusFar RUB O/N,0.153,20.02.2026
OIS FX,0.1387469,19.02.2026
SOFR Comp.,0.0367,19.02.2026
ESTR Comp.,0.01933,19.02.2026
RUONIA Avg.,0.1525,19.02.2026
RUB KeyRate,0.155,19.02.2026
Euribor EUR 6m,0.02141,18.02.2026
Euribor EUR 3m,0.02006,18.02.2026
RUSFAR RUB 3m,0.1512,19.02.2026
Euribor EUR 1m,0.01921,18.02.2026
RUONIA Comp.,0.1524,18.02.2026
RusFar RUB O/N,0.1521,19.02.2026
OIS FX,0.1387469,18.02.2026
SOFR Comp.,0.0373,18.02.2026
ESTR Comp.,0.01931,18.02.2026
RUONIA Avg.,0.1524,18.02.2026
RUB KeyRate,0.155,18.02.2026
Euribor EUR 6m,0.02159,17.02.2026
Euribor EUR 3m,0.02011,17.02.2026
RUSFAR RUB 3m,0.152,18.02.2026
Euribor EUR 1m,0.01932,17.02.2026
RUONIA Comp.,0.1512,17.02.2026
RusFar RUB O/N,0.1529,18.02.2026
OIS FX,0.1387469,17.02.2026
SOFR Comp.,0.0371,17.02.2026
ESTR Comp.,0.01931,17.02.2026
RUONIA Avg.,0.1512,17.02.2026
RUB KeyRate,0.155,17.02.2026
Euribor EUR 6m,0.02155,16.02.2026
Euribor EUR 3m,0.01999,16.02.2026
RUSFAR RUB 3m,0.1515,17.02.2026
Euribor EUR 1m,0.01947,16.02.2026
RUONIA Comp.,0.1502,16.02.2026
RusFar RUB O/N,0.1519,17.02.2026
OIS FX,0.1387469,13.02.2026
SOFR Comp.,0.0366,13.02.2026
ESTR Comp.,0.01929,16.02.2026
RUONIA Avg.,0.1502,16.02.2026
RUB KeyRate,0.155,16.02.2026
Euribor EUR 6m,0.02147,13.02.2026
Euribor EUR 3m,0.01999,13.02.2026
RUSFAR RUB 3m,0.1525,16.02.2026
Euribor EUR 1m,0.01951,13.02.2026
RUONIA Comp.,0.1525,13.02.2026
RusFar RUB O/N,0.1515,16.02.2026
ESTR Comp.,0.0193,13.02.2026
RUONIA Avg.,0.1525,13.02.2026
RUB KeyRate,0.16,13.02.2026
Euribor EUR 6m,0.02131,12.02.2026
Euribor EUR 3m,0.01984,12.02.2026
RUSFAR RUB 3m,0.154,13.02.2026
Euribor EUR 1m,0.01968,12.02.2026
RUONIA Comp.,0.1525,12.02.2026
RusFar RUB O/N,0.1528,13.02.2026
OIS FX,0.1387469,12.02.2026
SOFR Comp.,0.0365,12.02.2026
ESTR Comp.,0.01931,12.02.2026
RUSFARCNY Comp.,0.0747,13.02.2026
RUONIA Avg.,0.1525,12.02.2026
RUB KeyRate,0.16,12.02.2026
Euribor EUR 6m,0.02108,11.02.2026
Euribor EUR 3m,0.01994,11.02.2026
RUSFAR RUB 3m,0.1545,12.02.2026
Euribor EUR 1m,0.01994,11.02.2026
RUONIA Comp.,0.1525,11.02.2026
RusFar RUB O/N,0.1521,12.02.2026
OIS FX,0.1387469,11.02.2026
SOFR Comp.,0.0365,11.02.2026
ESTR Comp.,0.0193,11.02.2026
RUSFARCNY Comp.,0.0846,12.02.2026
RUONIA Avg.,0.1525,11.02.2026
RUB KeyRate,0.16,11.02.2026
Euribor EUR 6m,0.02114,10.02.2026
Euribor EUR 3m,0.01981,10.02.2026
RUSFAR RUB 3m,0.1543,11.02.2026
Euribor EUR 1m,0.01976,10.02.2026
RUONIA Comp.,0.1517,10.02.2026
RusFar RUB O/N,0.1528,11.02.2026
OIS FX,0.1387469,10.02.2026
SOFR Comp.,0.0365,10.02.2026
ESTR Comp.,0.01929,10.02.2026
RUSFARCNY Comp.,0.1277,11.02.2026
RUONIA Avg.,0.1517,10.02.2026
RUB KeyRate,0.16,10.02.2026
Euribor EUR 6m,0.02132,09.02.2026
Euribor EUR 3m,0.01982,09.02.2026
RUSFAR RUB 3m,0.1546,10.02.2026
Euribor EUR 1m,0.01969,09.02.2026
RUONIA Comp.,0.1526,09.02.2026
RusFar RUB O/N,0.1524,10.02.2026
OIS FX,0.1387469,09.02.2026
SOFR Comp.,0.0363,09.02.2026
ESTR Comp.,0.0193,09.02.2026
RUSFARCNY Comp.,0.03,10.02.2026
RUONIA Avg.,0.1526,09.02.2026
RUB KeyRate,0.16,09.02.2026
Euribor EUR 6m,0.02152,06.02.2026
Euribor EUR 3m,0.01999,06.02.2026
RUSFAR RUB 3m,0.1544,09.02.2026
Euribor EUR 1m,0.01972,06.02.2026
RUONIA Comp.,0.1534,06.02.2026
RusFar RUB O/N,0.153,09.02.2026
OIS FX,0.1387469,06.02.2026
SOFR Comp.,0.0364,06.02.2026
ESTR Comp.,0.0193,06.02.2026
RUSFARCNY Comp.,0.0892,09.02.2026
RUONIA Avg.,0.1534,06.02.2026
RUB KeyRate,0.16,06.02.2026
Euribor EUR 6m,0.02172,05.02.2026
Euribor EUR 3m,0.0202,05.02.2026
RUSFAR RUB 3m,0.1552,06.02.2026
Euribor EUR 1m,0.01953,05.02.2026
RUONIA Comp.,0.1552,05.02.2026
RusFar RUB O/N,0.1534,06.02.2026
OIS FX,0.1387469,05.02.2026
SOFR Comp.,0.0365,05.02.2026
ESTR Comp.,0.01931,05.02.2026
RUSFARCNY Comp.,0.1008,06.02.2026
RUONIA Avg.,0.1552,05.02.2026
RUB KeyRate,0.16,05.02.2026
Euribor EUR 6m,0.02171,04.02.2026
Euribor EUR 3m,0.0204,04.02.2026
RUSFAR RUB 3m,0.1556,05.02.2026
Euribor EUR 1m,0.01948,04.02.2026
RUONIA Comp.,0.1561,04.02.2026
RusFar RUB O/N,0.1545,05.02.2026
OIS FX,0.1387469,04.02.2026
SOFR Comp.,0.0365,04.02.2026
ESTR Comp.,0.01932,04.02.2026
RUSFARCNY Comp.,0.0101,05.02.2026
RUONIA Avg.,0.1561,04.02.2026
RUB KeyRate,0.16,04.02.2026
Euribor EUR 6m,0.02161,03.02.2026
Euribor EUR 3m,0.02029,03.02.2026
RUSFAR RUB 3m,0.1552,04.02.2026
Euribor EUR 1m,0.01956,03.02.2026
RUONIA Comp.,0.1574,03.02.2026
RusFar RUB O/N,0.1557,04.02.2026
OIS FX,0.1387469,03.02.2026
SOFR Comp.,0.0369,03.02.2026
ESTR Comp.,0.01931,03.02.2026
RUSFARCNY Comp.,0.0104,04.02.2026
RUONIA Avg.,0.1574,03.02.2026
RUB KeyRate,0.16,03.02.2026
Euribor EUR 6m,0.02154,02.02.2026
Euribor EUR 3m,0.02022,02.02.2026
RUSFAR RUB 3m,0.1549,03.02.2026
Euribor EUR 1m,0.01959,02.02.2026
RUONIA Comp.,0.1575,02.02.2026
RusFar RUB O/N,0.1566,03.02.2026
OIS FX,0.1387469,02.02.2026
SOFR Comp.,0.0369,02.02.2026
ESTR Comp.,0.01933,02.02.2026
RUSFARCNY Comp.,0.0094,03.02.2026
RUONIA Avg.,0.1575,02.02.2026
RUB KeyRate,0.16,02.02.2026
Euribor EUR 6m,0.02158,30.01.2026
Euribor EUR 3m,0.02031,30.01.2026
RUSFAR RUB 3m,0.1553,02.02.2026
Euribor EUR 1m,0.01968,30.01.2026
RUONIA Comp.,0.1583,30.01.2026
RusFar RUB O/N,0.1577,02.02.2026
OIS FX,0.1387469,30.01.2026
SOFR Comp.,0.0368,30.01.2026
ESTR Comp.,0.01926,30.01.2026
RUSFARCNY Comp.,0.0078,02.02.2026
RUONIA Avg.,0.1583,30.01.2026
RUB KeyRate,0.16,30.01.2026
Euribor EUR 6m,0.02146,29.01.2026
Euribor EUR 3m,0.0202,29.01.2026
RUSFAR RUB 3m,0.1552,30.01.2026
Euribor EUR 1m,0.01984,29.01.2026
RUONIA Comp.,0.1589,29.01.2026
RusFar RUB O/N,0.1585,30.01.2026
OIS FX,0.1387469,29.01.2026
SOFR Comp.,0.0365,29.01.2026
ESTR Comp.,0.01933,29.01.2026
RUSFARCNY Comp.,0.0053,30.01.2026
RUONIA Avg.,0.1589,29.01.2026
RUB KeyRate,0.16,29.01.2026
Euribor EUR 6m,0.02149,28.01.2026
Euribor EUR 3m,0.02026,28.01.2026
RUSFAR RUB 3m,0.1562,29.01.2026
Euribor EUR 1m,0.01954,28.01.2026
RUONIA Comp.,0.1566,28.01.2026
RusFar RUB O/N,0.1587,29.01.2026
OIS FX,0.1387469,28.01.2026
SOFR Comp.,0.0364,28.01.2026
ESTR Comp.,0.01933,28.01.2026
RUSFARCNY Comp.,0.005,29.01.2026
RUONIA Avg.,0.1566,28.01.2026
RUB KeyRate,0.16,28.01.2026
Euribor EUR 6m,0.02154,27.01.2026
Euribor EUR 3m,0.02039,27.01.2026
RUSFAR RUB 3m,0.1555,28.01.2026
Euribor EUR 1m,0.01944,27.01.2026
RUONIA Comp.,0.1564,27.01.2026
RusFar RUB O/N,0.1569,28.01.2026
OIS FX,0.1387469,27.01.2026
SOFR Comp.,0.0366,27.01.2026
ESTR Comp.,0.01934,27.01.2026
RUSFARCNY Comp.,0.0068,28.01.2026
RUONIA Avg.,0.1564,27.01.2026
RUB KeyRate,0.16,27.01.2026
Euribor EUR 6m,0.02156,26.01.2026
Euribor EUR 3m,0.02038,26.01.2026
RUSFAR RUB 3m,0.155,27.01.2026
Euribor EUR 1m,0.01939,26.01.2026
RUONIA Comp.,0.1564,26.01.2026
RusFar RUB O/N,0.1553,27.01.2026
OIS FX,0.1387469,26.01.2026
SOFR Comp.,0.0366,26.01.2026
ESTR Comp.,0.01934,26.01.2026
RUSFARCNY Comp.,0.0075,27.01.2026
RUONIA Avg.,0.1564,26.01.2026
RUB KeyRate,0.16,26.01.2026
Euribor EUR 6m,0.02157,23.01.2026
Euribor EUR 3m,0.02038,23.01.2026
RUSFAR RUB 3m,0.1558,26.01.2026
Euribor EUR 1m,0.01959,23.01.2026
RUONIA Comp.,0.1561,23.01.2026
RusFar RUB O/N,0.1565,26.01.2026
OIS FX,0.1387469,23.01.2026
SOFR Comp.,0.0365,23.01.2026
ESTR Comp.,0.01933,23.01.2026
RUSFARCNY Comp.,0.0079,26.01.2026
RUONIA Avg.,0.1561,23.01.2026
RUB KeyRate,0.16,23.01.2026
Euribor EUR 6m,0.02149,22.01.2026
Euribor EUR 3m,0.0203,22.01.2026
RUSFAR RUB 3m,0.1561,23.01.2026
Euribor EUR 1m,0.01967,22.01.2026
RUONIA Comp.,0.1574,22.01.2026
RusFar RUB O/N,0.1549,23.01.2026
OIS FX,0.1387469,22.01.2026
SOFR Comp.,0.0364,22.01.2026
ESTR Comp.,0.01933,22.01.2026
RUSFARCNY Comp.,0.0073,23.01.2026
RUONIA Avg.,0.1574,22.01.2026
RUB KeyRate,0.16,22.01.2026
Euribor EUR 6m,0.02156,21.01.2026
Euribor EUR 3m,0.02034,21.01.2026
RUSFAR RUB 3m,0.1561,22.01.2026
Euribor EUR 1m,0.01956,21.01.2026
RUONIA Comp.,0.1575,21.01.2026
RusFar RUB O/N,0.1558,22.01.2026
OIS FX,0.1387469,21.01.2026
SOFR Comp.,0.0363,21.01.2026
ESTR Comp.,0.01932,21.01.2026
RUSFARCNY Comp.,0.0164,22.01.2026
RUONIA Avg.,0.1575,21.01.2026
RUB KeyRate,0.16,21.01.2026
Euribor EUR 6m,0.02151,20.01.2026
Euribor EUR 3m,0.02027,20.01.2026
RUSFAR RUB 3m,0.1563,21.01.2026
Euribor EUR 1m,0.01981,20.01.2026
RUONIA Comp.,0.1577,20.01.2026
RusFar RUB O/N,0.157,21.01.2026
OIS FX,0.1387469,20.01.2026
SOFR Comp.,0.0364,20.01.2026
ESTR Comp.,0.01932,20.01.2026
RUSFARCNY Comp.,0.0098,21.01.2026
RUONIA Avg.,0.1577,20.01.2026
RUB KeyRate,0.16,20.01.2026
Euribor EUR 6m,0.02155,19.01.2026
Euribor EUR 3m,0.02029,19.01.2026
RUSFAR RUB 3m,0.1556,20.01.2026
Euribor EUR 1m,0.01958,19.01.2026
RUONIA Comp.,0.1578,19.01.2026
RusFar RUB O/N,0.1571,20.01.2026
OIS FX,0.1387469,19.01.2026
ESTR Comp.,0.01929,19.01.2026
RUSFARCNY Comp.,0.003,20.01.2026
RUONIA Avg.,0.1578,19.01.2026
RUB KeyRate,0.16,19.01.2026
Euribor EUR 6m,0.02143,16.01.2026
Euribor EUR 3m,0.02033,16.01.2026
RUSFAR RUB 3m,0.1555,19.01.2026
Euribor EUR 1m,0.01985,16.01.2026
RUONIA Comp.,0.1588,16.01.2026
RusFar RUB O/N,0.1575,19.01.2026
OIS FX,0.1387469,16.01.2026
SOFR Comp.,0.0365,16.01.2026
ESTR Comp.,0.0193,16.01.2026
RUSFARCNY Comp.,0.0024,19.01.2026
RUONIA Avg.,0.1588,16.01.2026
RUB KeyRate,0.16,16.01.2026
Euribor EUR 6m,0.02141,15.01.2026
Euribor EUR 3m,0.02026,15.01.2026
RUSFAR RUB 3m,0.1551,16.01.2026
Euribor EUR 1m,0.01969,15.01.2026
RUONIA Comp.,0.1572,15.01.2026
RusFar RUB O/N,0.1582,16.01.2026
OIS FX,0.1387469,15.01.2026
SOFR Comp.,0.0366,15.01.2026
ESTR Comp.,0.0193,15.01.2026
RUSFARCNY Comp.,0.0024,16.01.2026
RUONIA Avg.,0.1572,15.01.2026
RUB KeyRate,0.16,15.01.2026
Euribor EUR 6m,0.02146,14.01.2026
Euribor EUR 3m,0.02016,14.01.2026
RUSFAR RUB 3m,0.1545,15.01.2026
Euribor EUR 1m,0.0194,14.01.2026
RUONIA Comp.,0.1563,14.01.2026
RusFar RUB O/N,0.1571,15.01.2026
OIS FX,0.1387469,14.01.2026
SOFR Comp.,0.0364,14.01.2026
ESTR Comp.,0.01931,14.01.2026
RUSFARCNY Comp.,0.0029,15.01.2026
RUONIA Avg.,0.1563,14.01.2026
RUB KeyRate,0.16,14.01.2026
Euribor EUR 6m,0.02143,13.01.2026
Euribor EUR 3m,0.02016,13.01.2026
RUSFAR RUB 3m,0.156,14.01.2026
Euribor EUR 1m,0.01944,13.01.2026
RUONIA Comp.,0.1528,13.01.2026
RusFar RUB O/N,0.1552,14.01.2026
OIS FX,0.1387469,13.01.2026
SOFR Comp.,0.0365,13.01.2026
ESTR Comp.,0.0193,13.01.2026
RUSFARCNY Comp.,0.0029,14.01.2026
RUONIA Avg.,0.1528,13.01.2026
RUB KeyRate,0.16,13.01.2026
Euribor EUR 6m,0.0213,12.01.2026
Euribor EUR 3m,0.0202,12.01.2026
RUSFAR RUB 3m,0.1555,13.01.2026
Euribor EUR 1m,0.01989,12.01.2026
RUONIA Comp.,0.1557,12.01.2026
RusFar RUB O/N,0.1516,13.01.2026
OIS FX,0.1387469,12.01.2026
SOFR Comp.,0.0364,12.01.2026
ESTR Comp.,0.01931,12.01.2026
RUSFARCNY Comp.,0.0032,13.01.2026
RUONIA Avg.,0.1557,12.01.2026
RUB KeyRate,0.16,12.01.2026
Euribor EUR 6m,0.02116,09.01.2026
Euribor EUR 3m,0.02019,09.01.2026
RUSFAR RUB 3m,0.1573,12.01.2026
Euribor EUR 1m,0.01971,09.01.2026
RusFar RUB O/N,0.1562,12.01.2026
SOFR Comp.,0.0364,09.01.2026
ESTR Comp.,0.01932,09.01.2026
RUSFARCNY Comp.,0.005,12.01.2026
Euribor EUR 6m,0.02104,06.01.2026
Euribor EUR 3m,0.02026,06.01.2026
Euribor EUR 1m,0.01938,06.01.2026
SOFR Comp.,0.0366,06.01.2026
ESTR Comp.,0.01933,06.01.2026
Euribor EUR 6m,0.02114,08.01.2026
Euribor EUR 3m,0.02031,08.01.2026
RUSFAR RUB 3m,0.1585,09.01.2026
Euribor EUR 1m,0.0196,08.01.2026
SOFR Comp.,0.0364,08.01.2026
ESTR Comp.,0.01933,08.01.2026
RUSFARCNY Comp.,0.0032,30.12.2025
Euribor EUR 6m,0.02103,07.01.2026
Euribor EUR 3m,0.02032,07.01.2026
RUSFAR RUB 3m,0.1585,08.01.2026
Euribor EUR 1m,0.01941,07.01.2026
SOFR Comp.,0.0365,07.01.2026
ESTR Comp.,0.01933,07.01.2026
Euribor EUR 6m,0.02104,05.01.2026
Euribor EUR 3m,0.02034,05.01.2026
RUSFAR RUB 3m,0.1585,06.01.2026
Euribor EUR 1m,0.01976,05.01.2026
SOFR Comp.,0.037,05.01.2026
ESTR Comp.,0.01933,05.01.2026
Euribor EUR 6m,0.02105,02.01.2026
Euribor EUR 3m,0.02029,02.01.2026
RUSFAR RUB 3m,0.1585,05.01.2026
Euribor EUR 1m,0.01953,02.01.2026
OIS FX,0.1387469,30.12.2025
SOFR Comp.,0.0375,02.01.2026
ESTR Comp.,0.01936,02.01.2026
Euribor EUR 6m,0.02107,31.12.2025
Euribor EUR 6m,0.02123,30.12.2025
Euribor EUR 3m,0.02026,31.12.2025
Euribor EUR 3m,0.02016,30.12.2025
Euribor EUR 1m,0.01939,31.12.2025
Euribor EUR 1m,0.01912,30.12.2025
SOFR Comp.,0.0387,31.12.2025
SOFR Comp.,0.0371,30.12.2025
ESTR Comp.,0.01921,31.12.2025
ESTR Comp.,0.0193,30.12.2025
RUB KeyRate,0.16,30.12.2025
Euribor EUR 6m,0.02124,29.12.2025
Euribor EUR 3m,0.02019,29.12.2025
RUSFAR RUB 3m,0.1585,30.12.2025
Euribor EUR 1m,0.01901,29.12.2025
RUONIA Comp.,0.1585,29.12.2025
RusFar RUB O/N,0.1577,30.12.2025
OIS FX,0.1387469,29.12.2025
SOFR Comp.,0.0377,29.12.2025
ESTR Comp.,0.01934,29.12.2025
RUSFARCNY Comp.,0.0032,30.12.2025
RUONIA Avg.,0.1585,29.12.2025
RUB KeyRate,0.16,29.12.2025
RUSFAR RUB 3m,0.1585,29.12.2025
RUONIA Comp.,0.1585,26.12.2025
RusFar RUB O/N,0.1577,29.12.2025
OIS FX,0.1387469,26.12.2025
SOFR Comp.,0.0376,26.12.2025
RUSFARCNY Comp.,0.0032,29.12.2025
RUONIA Avg.,0.1585,26.12.2025
RUB KeyRate,0.16,26.12.2025
RUSFAR RUB 3m,0.1586,26.12.2025
RUONIA Comp.,0.1583,25.12.2025
RusFar RUB O/N,0.1576,26.12.2025
RUSFARCNY Comp.,0.0036,26.12.2025
RUONIA Avg.,0.1583,25.12.2025
RUB KeyRate,0.16,25.12.2025
Euribor EUR 6m,0.02131,24.12.2025
Euribor EUR 3m,0.02018,24.12.2025
RUSFAR RUB 3m,0.158,25.12.2025
Euribor EUR 1m,0.01894,24.12.2025
RUONIA Comp.,0.1588,24.12.2025
RusFar RUB O/N,0.1576,25.12.2025
OIS FX,0.1387469,24.12.2025
SOFR Comp.,0.0366,24.12.2025
ESTR Comp.,0.01926,24.12.2025
RUSFARCNY Comp.,0.0047,25.12.2025
RUONIA Avg.,0.1588,24.12.2025
RUB KeyRate,0.16,24.12.2025
Euribor EUR 6m,0.02131,23.12.2025
Euribor EUR 3m,0.02018,23.12.2025
RUSFAR RUB 3m,0.1587,24.12.2025
Euribor EUR 1m,0.01894,23.12.2025
RUONIA Comp.,0.1607,23.12.2025
RusFar RUB O/N,0.1594,24.12.2025
OIS FX,0.1387469,23.12.2025
SOFR Comp.,0.0366,23.12.2025
ESTR Comp.,0.01925,23.12.2025
RUSFARCNY Comp.,0.0044,24.12.2025
RUONIA Avg.,0.1607,23.12.2025
RUB KeyRate,0.16,23.12.2025
Euribor EUR 6m,0.02134,22.12.2025
Euribor EUR 3m,0.02022,22.12.2025
RUSFAR RUB 3m,0.1585,23.12.2025
Euribor EUR 1m,0.01903,22.12.2025
RUONIA Comp.,0.1577,22.12.2025
RusFar RUB O/N,0.1626,23.12.2025
OIS FX,0.1387469,22.12.2025
SOFR Comp.,0.0368,22.12.2025
ESTR Comp.,0.01932,22.12.2025
RUSFARCNY Comp.,0.004,23.12.2025
RUONIA Avg.,0.1577,22.12.2025
RUB KeyRate,0.16,22.12.2025
Euribor EUR 6m,0.02126,19.12.2025
Euribor EUR 3m,0.02002,19.12.2025
RUSFAR RUB 3m,0.1577,22.12.2025
Euribor EUR 1m,0.01908,19.12.2025
RUONIA Comp.,0.1585,19.12.2025
RusFar RUB O/N,0.1581,22.12.2025
OIS FX,0.1387469,19.12.2025
SOFR Comp.,0.0366,19.12.2025
ESTR Comp.,0.01933,19.12.2025
RUSFARCNY Comp.,0.0035,22.12.2025
RUONIA Avg.,0.1585,19.12.2025
RUB KeyRate,0.165,19.12.2025
Euribor EUR 6m,0.02134,18.12.2025
Euribor EUR 3m,0.02035,18.12.2025
RUSFAR RUB 3m,0.1562,19.12.2025
Euribor EUR 1m,0.01921,18.12.2025
RUONIA Comp.,0.1584,18.12.2025
RusFar RUB O/N,0.158,19.12.2025
OIS FX,0.1387469,18.12.2025
SOFR Comp.,0.0366,18.12.2025
ESTR Comp.,0.01931,18.12.2025
RUSFARCNY Comp.,0.0028,19.12.2025
RUONIA Avg.,0.1584,18.12.2025
RUB KeyRate,0.165,18.12.2025
Euribor EUR 6m,0.02144,17.12.2025
Euribor EUR 3m,0.02049,17.12.2025
RUSFAR RUB 3m,0.1563,18.12.2025
Euribor EUR 1m,0.01931,17.12.2025
RUONIA Comp.,0.1584,17.12.2025
RusFar RUB O/N,0.1577,18.12.2025
OIS FX,0.1387469,17.12.2025
SOFR Comp.,0.0369,17.12.2025
ESTR Comp.,0.01932,17.12.2025
RUSFARCNY Comp.,0.0029,18.12.2025
RUONIA Avg.,0.1584,17.12.2025
RUB KeyRate,0.165,17.12.2025
Euribor EUR 6m,0.02164,16.12.2025
Euribor EUR 3m,0.02057,16.12.2025
RUSFAR RUB 3m,0.1564,17.12.2025
Euribor EUR 1m,0.01943,16.12.2025
RUONIA Comp.,0.1584,16.12.2025
RusFar RUB O/N,0.1576,17.12.2025
OIS FX,0.1387469,16.12.2025
SOFR Comp.,0.0369,16.12.2025
ESTR Comp.,0.01932,16.12.2025
RUSFARCNY Comp.,0.0027,17.12.2025
RUONIA Avg.,0.1584,16.12.2025
RUB KeyRate,0.165,16.12.2025
Euribor EUR 6m,0.02168,15.12.2025
Euribor EUR 3m,0.02072,15.12.2025
RUSFAR RUB 3m,0.1578,16.12.2025
Euribor EUR 1m,0.01929,15.12.2025
RUONIA Comp.,0.1585,15.12.2025
RusFar RUB O/N,0.1578,16.12.2025
OIS FX,0.1387469,15.12.2025
SOFR Comp.,0.0375,15.12.2025
ESTR Comp.,0.0193,15.12.2025
RUSFARCNY Comp.,0.0034,16.12.2025
RUONIA Avg.,0.1585,15.12.2025
RUB KeyRate,0.165,15.12.2025
Euribor EUR 6m,0.0217,12.12.2025
Euribor EUR 3m,0.02082,12.12.2025
RUSFAR RUB 3m,0.1578,15.12.2025
Euribor EUR 1m,0.01934,12.12.2025
RUONIA Comp.,0.1591,12.12.2025
RusFar RUB O/N,0.1574,15.12.2025
OIS FX,0.1387469,12.12.2025
SOFR Comp.,0.0367,12.12.2025
ESTR Comp.,0.01932,12.12.2025
RUSFARCNY Comp.,0.004,15.12.2025
RUONIA Avg.,0.1591,12.12.2025
RUB KeyRate,0.165,12.12.2025
Euribor EUR 6m,0.02172,11.12.2025
Euribor EUR 3m,0.021,11.12.2025
RUSFAR RUB 3m,0.1581,12.12.2025
Euribor EUR 1m,0.01935,11.12.2025
RUONIA Comp.,0.1599,11.12.2025
RusFar RUB O/N,0.1582,12.12.2025
OIS FX,0.1387469,11.12.2025
SOFR Comp.,0.0366,11.12.2025
ESTR Comp.,0.0193,11.12.2025
RUSFARCNY Comp.,0.0035,12.12.2025
RUONIA Avg.,0.1599,11.12.2025
RUB KeyRate,0.165,11.12.2025
Euribor EUR 6m,0.02165,10.12.2025
Euribor EUR 3m,0.02082,10.12.2025
RUSFAR RUB 3m,0.1584,11.12.2025
Euribor EUR 1m,0.01906,10.12.2025
RUONIA Comp.,0.1608,10.12.2025
RusFar RUB O/N,0.1595,11.12.2025
OIS FX,0.1387469,10.12.2025
SOFR Comp.,0.039,10.12.2025
ESTR Comp.,0.01929,10.12.2025
RUSFARCNY Comp.,0.0033,11.12.2025
RUONIA Avg.,0.1608,10.12.2025
RUB KeyRate,0.165,10.12.2025
Euribor EUR 6m,0.02168,09.12.2025
Euribor EUR 3m,0.02088,09.12.2025
RUSFAR RUB 3m,0.1587,10.12.2025
Euribor EUR 1m,0.01915,09.12.2025
RUONIA Comp.,0.1637,09.12.2025
RusFar RUB O/N,0.16,10.12.2025
OIS FX,0.1387469,09.12.2025
SOFR Comp.,0.0393,09.12.2025
ESTR Comp.,0.01929,09.12.2025
RUSFARCNY Comp.,0.0035,10.12.2025
RUONIA Avg.,0.1637,09.12.2025
RUB KeyRate,0.165,09.12.2025
Euribor EUR 6m,0.0215,08.12.2025
Euribor EUR 3m,0.02069,08.12.2025
RUSFAR RUB 3m,0.159,09.12.2025
Euribor EUR 1m,0.01904,08.12.2025
RUONIA Comp.,0.1649,08.12.2025
RusFar RUB O/N,0.1615,09.12.2025
OIS FX,0.1387469,08.12.2025
SOFR Comp.,0.0395,08.12.2025
ESTR Comp.,0.0193,08.12.2025
RUSFARCNY Comp.,0.0038,09.12.2025
RUONIA Avg.,0.1649,08.12.2025
RUB KeyRate,0.165,08.12.2025
Euribor EUR 6m,0.02147,05.12.2025
Euribor EUR 3m,0.02075,05.12.2025
RUSFAR RUB 3m,0.1589,08.12.2025
Euribor EUR 1m,0.01911,05.12.2025
RUONIA Comp.,0.1648,05.12.2025
RusFar RUB O/N,0.1635,08.12.2025
OIS FX,0.1387469,05.12.2025
SOFR Comp.,0.0393,05.12.2025
ESTR Comp.,0.01929,05.12.2025
RUSFARCNY Comp.,0.0038,08.12.2025
RUONIA Avg.,0.1648,05.12.2025
RUB KeyRate,0.165,05.12.2025
Euribor EUR 6m,0.02126,04.12.2025
Euribor EUR 3m,0.02055,04.12.2025
RUSFAR RUB 3m,0.1592,05.12.2025
Euribor EUR 1m,0.01912,04.12.2025
RUONIA Comp.,0.1639,04.12.2025
RusFar RUB O/N,0.1648,05.12.2025
OIS FX,0.1387469,04.12.2025
SOFR Comp.,0.0392,04.12.2025
ESTR Comp.,0.01929,04.12.2025
RUSFARCNY Comp.,-0.0002,05.12.2025
RUONIA Avg.,0.1639,04.12.2025
RUB KeyRate,0.165,04.12.2025
Euribor EUR 6m,0.02113,03.12.2025
Euribor EUR 3m,0.02029,03.12.2025
RUSFAR RUB 3m,0.1581,04.12.2025
Euribor EUR 1m,0.01886,03.12.2025
RUONIA Comp.,0.162,03.12.2025
RusFar RUB O/N,0.1644,04.12.2025
OIS FX,0.1387469,03.12.2025
SOFR Comp.,0.0395,03.12.2025
ESTR Comp.,0.01926,03.12.2025
RUSFARCNY Comp.,-0.0003,04.12.2025
RUONIA Avg.,0.162,03.12.2025
RUB KeyRate,0.165,03.12.2025
Euribor EUR 6m,0.02121,02.12.2025
Euribor EUR 3m,0.02043,02.12.2025
RUSFAR RUB 3m,0.1591,03.12.2025
Euribor EUR 1m,0.01896,02.12.2025
RUONIA Comp.,0.1623,02.12.2025
RusFar RUB O/N,0.1621,03.12.2025
OIS FX,0.1387469,02.12.2025
SOFR Comp.,0.0401,02.12.2025
ESTR Comp.,0.01929,02.12.2025
RUSFARCNY Comp.,0.0002,03.12.2025
RUONIA Avg.,0.1623,02.12.2025
RUB KeyRate,0.165,02.12.2025
Euribor EUR 6m,0.02123,01.12.2025
Euribor EUR 3m,0.0206,01.12.2025
RUSFAR RUB 3m,0.159,02.12.2025
Euribor EUR 1m,0.01961,01.12.2025
RUONIA Comp.,0.1623,01.12.2025
RusFar RUB O/N,0.1616,02.12.2025
OIS FX,0.1387469,01.12.2025
SOFR Comp.,0.0412,01.12.2025
ESTR Comp.,0.0193,01.12.2025
RUSFARCNY Comp.,0.0012,02.12.2025
RUONIA Avg.,0.1623,01.12.2025
RUB KeyRate,0.165,01.12.2025
Euribor EUR 6m,0.0211,28.11.2025
Euribor EUR 3m,0.0206,28.11.2025
RUSFAR RUB 3m,0.1595,01.12.2025
Euribor EUR 1m,0.01946,28.11.2025
RUONIA Comp.,0.1625,28.11.2025
RusFar RUB O/N,0.1605,01.12.2025
OIS FX,0.1387469,28.11.2025
SOFR Comp.,0.0412,28.11.2025
ESTR Comp.,0.01925,28.11.2025
RUSFARCNY Comp.,0.0024,01.12.2025
RUONIA Avg.,0.1625,28.11.2025
RUB KeyRate,0.165,28.11.2025
Euribor EUR 6m,0.02115,27.11.2025
Euribor EUR 3m,0.02061,27.11.2025
RUSFAR RUB 3m,0.1591,28.11.2025
Euribor EUR 1m,0.01951,27.11.2025
RUONIA Comp.,0.1621,27.11.2025
RusFar RUB O/N,0.1606,28.11.2025
OIS FX,0.1387469,27.11.2025
ESTR Comp.,0.01927,27.11.2025
RUSFARCNY Comp.,0.0016,28.11.2025
RUONIA Avg.,0.1621,27.11.2025
RUB KeyRate,0.165,27.11.2025
Euribor EUR 6m,0.02117,26.11.2025
Euribor EUR 3m,0.02069,26.11.2025
RUSFAR RUB 3m,0.1593,27.11.2025
Euribor EUR 1m,0.0196,26.11.2025
RUONIA Comp.,0.1623,26.11.2025
RusFar RUB O/N,0.1598,27.11.2025
OIS FX,0.1387469,26.11.2025
SOFR Comp.,0.0405,26.11.2025
ESTR Comp.,0.01928,26.11.2025
RUSFARCNY Comp.,0.0022,27.11.2025
RUONIA Avg.,0.1623,26.11.2025
RUB KeyRate,0.165,26.11.2025
Euribor EUR 6m,0.02121,25.11.2025
Euribor EUR 3m,0.02066,25.11.2025
RUSFAR RUB 3m,0.1587,26.11.2025
Euribor EUR 1m,0.01926,25.11.2025
RUONIA Comp.,0.1624,25.11.2025
RusFar RUB O/N,0.1606,26.11.2025
OIS FX,0.1387469,25.11.2025
SOFR Comp.,0.0401,25.11.2025
ESTR Comp.,0.01926,25.11.2025
RUSFARCNY Comp.,0.0022,26.11.2025
RUONIA Avg.,0.1624,25.11.2025
RUB KeyRate,0.165,25.11.2025
Euribor EUR 6m,0.0212,24.11.2025
Euribor EUR 3m,0.02059,24.11.2025
RUSFAR RUB 3m,0.1587,25.11.2025
Euribor EUR 1m,0.01914,24.11.2025
RUONIA Comp.,0.1624,24.11.2025
RusFar RUB O/N,0.1605,25.11.2025
OIS FX,0.1387469,24.11.2025
SOFR Comp.,0.0396,24.11.2025
ESTR Comp.,0.01924,24.11.2025
RUSFARCNY Comp.,0.0018,25.11.2025
RUONIA Avg.,0.1624,24.11.2025
RUB KeyRate,0.165,24.11.2025
Euribor EUR 6m,0.02123,21.11.2025
Euribor EUR 3m,0.02047,21.11.2025
RUSFAR RUB 3m,0.1605,24.11.2025
Euribor EUR 1m,0.01926,21.11.2025
RUONIA Comp.,0.1624,21.11.2025
RusFar RUB O/N,0.161,24.11.2025
OIS FX,0.1387469,21.11.2025
SOFR Comp.,0.0393,21.11.2025
ESTR Comp.,0.01926,21.11.2025
RUSFARCNY Comp.,0.0025,24.11.2025
RUONIA Avg.,0.1624,21.11.2025
RUB KeyRate,0.165,21.11.2025
Euribor EUR 6m,0.02134,20.11.2025
Euribor EUR 3m,0.02054,20.11.2025
RUSFAR RUB 3m,0.1612,21.11.2025
Euribor EUR 1m,0.01922,20.11.2025
RUONIA Comp.,0.1625,20.11.2025
RusFar RUB O/N,0.1613,21.11.2025
OIS FX,0.1387469,20.11.2025
SOFR Comp.,0.0391,20.11.2025
ESTR Comp.,0.01929,20.11.2025
RUSFARCNY Comp.,0.0021,21.11.2025
RUONIA Avg.,0.1625,20.11.2025
RUB KeyRate,0.165,20.11.2025
Euribor EUR 6m,0.02149,19.11.2025
Euribor EUR 3m,0.02066,19.11.2025
RUSFAR RUB 3m,0.1616,20.11.2025
Euribor EUR 1m,0.01918,19.11.2025
RUONIA Comp.,0.1629,19.11.2025
RusFar RUB O/N,0.161,20.11.2025
OIS FX,0.1387469,19.11.2025
SOFR Comp.,0.0391,19.11.2025
ESTR Comp.,0.01929,19.11.2025
RUSFARCNY Comp.,0.0023,20.11.2025
RUONIA Avg.,0.1629,19.11.2025
RUB KeyRate,0.165,19.11.2025
Euribor EUR 6m,0.02155,18.11.2025
Euribor EUR 3m,0.02051,18.11.2025
RUSFAR RUB 3m,0.1612,19.11.2025
Euribor EUR 1m,0.01899,18.11.2025
RUONIA Comp.,0.1641,18.11.2025
RusFar RUB O/N,0.1609,19.11.2025
OIS FX,0.1387469,18.11.2025
SOFR Comp.,0.0394,18.11.2025
ESTR Comp.,0.0193,18.11.2025
RUSFARCNY Comp.,0.002,19.11.2025
RUONIA Avg.,0.1641,18.11.2025
RUB KeyRate,0.165,18.11.2025
Euribor EUR 6m,0.02141,17.11.2025
Euribor EUR 3m,0.02048,17.11.2025
RUSFAR RUB 3m,0.1622,18.11.2025
Euribor EUR 1m,0.01905,17.11.2025
RUONIA Comp.,0.1641,17.11.2025
RusFar RUB O/N,0.1627,18.11.2025
OIS FX,0.1387469,17.11.2025
SOFR Comp.,0.04,17.11.2025
ESTR Comp.,0.01929,17.11.2025
RUSFARCNY Comp.,0.0029,18.11.2025
RUONIA Avg.,0.1641,17.11.2025
RUB KeyRate,0.165,17.11.2025
Euribor EUR 6m,0.02141,14.11.2025
Euribor EUR 3m,0.02069,14.11.2025
RUSFAR RUB 3m,0.1631,17.11.2025
Euribor EUR 1m,0.01894,14.11.2025
RUONIA Comp.,0.1649,14.11.2025
RusFar RUB O/N,0.1633,17.11.2025
OIS FX,0.1387469,14.11.2025
SOFR Comp.,0.0395,14.11.2025
ESTR Comp.,0.01931,14.11.2025
RUSFARCNY Comp.,0.0029,17.11.2025
RUONIA Avg.,0.1649,14.11.2025
RUB KeyRate,0.165,14.11.2025
Euribor EUR 6m,0.02146,13.11.2025
Euribor EUR 3m,0.02064,13.11.2025
RUSFAR RUB 3m,0.1633,14.11.2025
Euribor EUR 1m,0.01876,13.11.2025
RUONIA Comp.,0.1646,13.11.2025
RusFar RUB O/N,0.1652,14.11.2025
OIS FX,0.1387469,13.11.2025
SOFR Comp.,0.04,13.11.2025
ESTR Comp.,0.0193,13.11.2025
RUSFARCNY Comp.,0.0032,14.11.2025
RUONIA Avg.,0.1646,13.11.2025
RUB KeyRate,0.165,13.11.2025
Euribor EUR 6m,0.02139,12.11.2025
Euribor EUR 3m,0.02048,12.11.2025
RUSFAR RUB 3m,0.1633,13.11.2025
Euribor EUR 1m,0.01871,12.11.2025
RUONIA Comp.,0.1636,12.11.2025
RusFar RUB O/N,0.1645,13.11.2025
OIS FX,0.1387469,12.11.2025
SOFR Comp.,0.0398,12.11.2025
ESTR Comp.,0.0193,12.11.2025
RUSFARCNY Comp.,0.0029,13.11.2025
RUONIA Avg.,0.1636,12.11.2025
RUB KeyRate,0.165,12.11.2025
Euribor EUR 6m,0.02127,11.11.2025
Euribor EUR 3m,0.02032,11.11.2025
RUSFAR RUB 3m,0.163,12.11.2025
Euribor EUR 1m,0.01892,11.11.2025
RUONIA Comp.,0.1618,11.11.2025
RusFar RUB O/N,0.1626,12.11.2025
OIS FX,0.1387469,11.11.2025
ESTR Comp.,0.0193,11.11.2025
RUSFARCNY Comp.,0.0017,12.11.2025
RUONIA Avg.,0.1618,11.11.2025
RUB KeyRate,0.165,11.11.2025
Euribor EUR 6m,0.02123,10.11.2025
Euribor EUR 3m,0.02005,10.11.2025
RUSFAR RUB 3m,0.164,11.11.2025
Euribor EUR 1m,0.01902,10.11.2025
RUONIA Comp.,0.1641,10.11.2025
RusFar RUB O/N,0.1638,11.11.2025
OIS FX,0.1387469,10.11.2025
SOFR Comp.,0.0395,10.11.2025
ESTR Comp.,0.01931,10.11.2025
RUSFARCNY Comp.,0.002,11.11.2025
RUONIA Avg.,0.1641,10.11.2025
RUB KeyRate,0.165,10.11.2025
Euribor EUR 6m,0.02124,07.11.2025
Euribor EUR 3m,0.02009,07.11.2025
RUSFAR RUB 3m,0.1632,10.11.2025
Euribor EUR 1m,0.01891,07.11.2025
RUONIA Comp.,0.1644,07.11.2025
RusFar RUB O/N,0.1634,10.11.2025
OIS FX,0.1387469,07.11.2025
SOFR Comp.,0.0393,07.11.2025
ESTR Comp.,0.01932,07.11.2025
RUSFARCNY Comp.,0.0028,10.11.2025
RUONIA Avg.,0.1644,07.11.2025
RUB KeyRate,0.165,07.11.2025
Euribor EUR 6m,0.02129,06.11.2025
Euribor EUR 3m,0.01998,06.11.2025
RUSFAR RUB 3m,0.1632,07.11.2025
Euribor EUR 1m,0.01859,06.11.2025
RUONIA Comp.,0.1638,06.11.2025
RusFar RUB O/N,0.1634,07.11.2025
OIS FX,0.1387469,06.11.2025
SOFR Comp.,0.0392,06.11.2025
ESTR Comp.,0.0193,06.11.2025
RUSFARCNY Comp.,0.0034,07.11.2025
RUONIA Avg.,0.1638,06.11.2025
RUB KeyRate,0.165,06.11.2025
Euribor EUR 6m,0.0213,05.11.2025
Euribor EUR 3m,0.0199,05.11.2025
RUSFAR RUB 3m,0.1636,06.11.2025
Euribor EUR 1m,0.01865,05.11.2025
RUONIA Comp.,0.1633,05.11.2025
RusFar RUB O/N,0.1634,06.11.2025
OIS FX,0.1387469,05.11.2025
SOFR Comp.,0.0391,05.11.2025
ESTR Comp.,0.01929,05.11.2025
RUSFARCNY Comp.,0.0021,06.11.2025
RUONIA Avg.,0.1633,05.11.2025
RUB KeyRate,0.165,05.11.2025
Euribor EUR 6m,0.02134,04.11.2025
Euribor EUR 3m,0.02014,04.11.2025
RUSFAR RUB 3m,0.1636,05.11.2025
Euribor EUR 1m,0.01881,04.11.2025
RusFar RUB O/N,0.1622,05.11.2025
SOFR Comp.,0.04,04.11.2025
ESTR Comp.,0.01931,04.11.2025
RUSFARCNY Comp.,0.0016,05.11.2025
Euribor EUR 6m,0.02142,03.11.2025
Euribor EUR 3m,0.02023,03.11.2025
Euribor EUR 1m,0.01914,03.11.2025
SOFR Comp.,0.0413,03.11.2025
ESTR Comp.,0.01932,03.11.2025
RUONIA Comp.,0.1633,01.11.2025
RUONIA Avg.,0.1633,01.11.2025
RUB KeyRate,0.165,01.11.2025
Euribor EUR 6m,0.02138,31.10.2025
Euribor EUR 3m,0.0204,31.10.2025
RUSFAR RUB 3m,0.164,01.11.2025
Euribor EUR 1m,0.01917,31.10.2025
RUONIA Comp.,0.1629,31.10.2025
OIS FX,0.1387469,31.10.2025
SOFR Comp.,0.0422,31.10.2025
ESTR Comp.,0.01921,31.10.2025
RUONIA Avg.,0.1629,31.10.2025
RUB KeyRate,0.165,31.10.2025
Euribor EUR 6m,0.02127,30.10.2025
Euribor EUR 3m,0.0205,30.10.2025
RUSFAR RUB 3m,0.164,31.10.2025
Euribor EUR 1m,0.01911,30.10.2025
RUONIA Comp.,0.1627,30.10.2025
RusFar RUB O/N,0.1635,31.10.2025
OIS FX,0.1387469,30.10.2025
SOFR Comp.,0.0404,30.10.2025
ESTR Comp.,0.01931,30.10.2025
RUSFARCNY Comp.,0.001,31.10.2025
RUONIA Avg.,0.1627,30.10.2025
RUB KeyRate,0.165,30.10.2025
Euribor EUR 6m,0.02123,29.10.2025
Euribor EUR 3m,0.02066,29.10.2025
RUSFAR RUB 3m,0.1623,30.10.2025
Euribor EUR 1m,0.01893,29.10.2025
RUONIA Comp.,0.1637,29.10.2025
RusFar RUB O/N,0.1604,30.10.2025
OIS FX,0.1387469,29.10.2025
SOFR Comp.,0.0427,29.10.2025
ESTR Comp.,0.01931,29.10.2025
RUSFARCNY Comp.,0.0014,30.10.2025
RUONIA Avg.,0.1637,29.10.2025
RUB KeyRate,0.165,29.10.2025
Euribor EUR 6m,0.02126,28.10.2025
Euribor EUR 3m,0.02074,28.10.2025
RUSFAR RUB 3m,0.164,29.10.2025
Euribor EUR 1m,0.01895,28.10.2025
RUONIA Comp.,0.164,28.10.2025
RusFar RUB O/N,0.1629,29.10.2025
OIS FX,0.1387469,28.10.2025
SOFR Comp.,0.0431,28.10.2025
ESTR Comp.,0.0193,28.10.2025
RUSFARCNY Comp.,0.0009,29.10.2025
RUONIA Avg.,0.164,28.10.2025
RUB KeyRate,0.165,28.10.2025
Euribor EUR 6m,0.02124,27.10.2025
Euribor EUR 3m,0.02084,27.10.2025
RUSFAR RUB 3m,0.1634,28.10.2025
Euribor EUR 1m,0.01886,27.10.2025
RUONIA Comp.,0.1625,27.10.2025
RusFar RUB O/N,0.1635,28.10.2025
OIS FX,0.1387469,27.10.2025
SOFR Comp.,0.0427,27.10.2025
ESTR Comp.,0.01929,27.10.2025
RUSFARCNY Comp.,0.002,28.10.2025
RUONIA Avg.,0.1625,27.10.2025
RUB KeyRate,0.165,27.10.2025
Euribor EUR 6m,0.02104,24.10.2025
Euribor EUR 3m,0.02072,24.10.2025
RUSFAR RUB 3m,0.1635,27.10.2025
Euribor EUR 1m,0.01857,24.10.2025
RUONIA Comp.,0.1642,24.10.2025
RusFar RUB O/N,0.1626,27.10.2025
OIS FX,0.1387469,24.10.2025
SOFR Comp.,0.0424,24.10.2025
ESTR Comp.,0.01928,24.10.2025
RUSFARCNY Comp.,0.0022,27.10.2025
RUONIA Avg.,0.1642,24.10.2025
RUB KeyRate,0.17,24.10.2025
Euribor EUR 6m,0.02099,23.10.2025
Euribor EUR 3m,0.02065,23.10.2025
RUSFAR RUB 3m,0.1623,24.10.2025
Euribor EUR 1m,0.0187,23.10.2025
RUONIA Comp.,0.1639,23.10.2025
RusFar RUB O/N,0.1643,24.10.2025
OIS FX,0.1387469,23.10.2025
SOFR Comp.,0.0424,23.10.2025
ESTR Comp.,0.01929,23.10.2025
RUSFARCNY Comp.,0.0023,24.10.2025
RUONIA Avg.,0.1639,23.10.2025
RUB KeyRate,0.17,23.10.2025
Euribor EUR 6m,0.02099,22.10.2025
Euribor EUR 3m,0.02066,22.10.2025
RUSFAR RUB 3m,0.1621,23.10.2025
Euribor EUR 1m,0.0189,22.10.2025
RUONIA Comp.,0.1643,22.10.2025
RusFar RUB O/N,0.164,23.10.2025
OIS FX,0.1387469,22.10.2025
SOFR Comp.,0.0421,22.10.2025
ESTR Comp.,0.01927,22.10.2025
RUSFARCNY Comp.,0.0025,23.10.2025
RUONIA Avg.,0.1643,22.10.2025
RUB KeyRate,0.17,22.10.2025
Euribor EUR 6m,0.0211,21.10.2025
Euribor EUR 3m,0.02038,21.10.2025
RUSFAR RUB 3m,0.1625,22.10.2025
Euribor EUR 1m,0.01904,21.10.2025
RUONIA Comp.,0.1637,21.10.2025
RusFar RUB O/N,0.1638,22.10.2025
OIS FX,0.1387469,21.10.2025
SOFR Comp.,0.0423,21.10.2025
ESTR Comp.,0.01928,21.10.2025
RUSFARCNY Comp.,0.0019,22.10.2025
RUONIA Avg.,0.1637,21.10.2025
RUB KeyRate,0.17,21.10.2025
Euribor EUR 6m,0.021,20.10.2025
Euribor EUR 3m,0.02015,20.10.2025
RUSFAR RUB 3m,0.1639,21.10.2025
Euribor EUR 1m,0.01931,20.10.2025
RUONIA Comp.,0.1644,20.10.2025
RusFar RUB O/N,0.1638,21.10.2025
OIS FX,0.1387469,20.10.2025
SOFR Comp.,0.0416,20.10.2025
ESTR Comp.,0.01927,20.10.2025
RUSFARCNY Comp.,0.0023,21.10.2025
RUONIA Avg.,0.1644,20.10.2025
RUB KeyRate,0.17,20.10.2025
Euribor EUR 6m,0.02113,17.10.2025
Euribor EUR 3m,0.0201,17.10.2025
RUSFAR RUB 3m,0.1633,20.10.2025
Euribor EUR 1m,0.01919,17.10.2025
RUONIA Comp.,0.1645,17.10.2025
RusFar RUB O/N,0.1641,20.10.2025
OIS FX,0.1387469,17.10.2025
SOFR Comp.,0.0418,17.10.2025
ESTR Comp.,0.01928,17.10.2025
RUSFARCNY Comp.,0.0024,20.10.2025
RUONIA Avg.,0.1645,17.10.2025
RUB KeyRate,0.17,17.10.2025
Euribor EUR 6m,0.0211,16.10.2025
Euribor EUR 3m,0.02004,16.10.2025
RUSFAR RUB 3m,0.165,17.10.2025
Euribor EUR 1m,0.01922,16.10.2025
RUONIA Comp.,0.1639,16.10.2025
RusFar RUB O/N,0.1646,17.10.2025
OIS FX,0.1387469,16.10.2025
SOFR Comp.,0.043,16.10.2025
ESTR Comp.,0.01928,16.10.2025
RUSFARCNY Comp.,0.0019,17.10.2025
RUONIA Avg.,0.1639,16.10.2025
RUB KeyRate,0.17,16.10.2025
Euribor EUR 6m,0.02103,15.10.2025
Euribor EUR 3m,0.02016,15.10.2025
RUSFAR RUB 3m,0.1649,16.10.2025
Euribor EUR 1m,0.01906,15.10.2025
RUONIA Comp.,0.1635,15.10.2025
RusFar RUB O/N,0.1637,16.10.2025
OIS FX,0.1387469,15.10.2025
SOFR Comp.,0.0429,15.10.2025
ESTR Comp.,0.01928,15.10.2025
RUSFARCNY Comp.,0.0021,16.10.2025
RUONIA Avg.,0.1635,15.10.2025
RUB KeyRate,0.17,15.10.2025
Euribor EUR 6m,0.02106,14.10.2025
Euribor EUR 3m,0.02021,14.10.2025
RUSFAR RUB 3m,0.1634,15.10.2025
Euribor EUR 1m,0.01897,14.10.2025
RUONIA Comp.,0.1635,14.10.2025
RusFar RUB O/N,0.1637,15.10.2025
OIS FX,0.1387469,14.10.2025
SOFR Comp.,0.0419,14.10.2025
ESTR Comp.,0.01927,14.10.2025
RUSFARCNY Comp.,0.0021,15.10.2025
RUONIA Avg.,0.1635,14.10.2025
RUB KeyRate,0.17,14.10.2025
Euribor EUR 6m,0.02103,13.10.2025
Euribor EUR 3m,0.02026,13.10.2025
RUSFAR RUB 3m,0.1639,14.10.2025
Euribor EUR 1m,0.01891,13.10.2025
RUONIA Comp.,0.1635,13.10.2025
RusFar RUB O/N,0.163,14.10.2025
ESTR Comp.,0.01926,13.10.2025
RUSFARCNY Comp.,0.0018,14.10.2025
RUONIA Avg.,0.1635,13.10.2025
RUB KeyRate,0.17,13.10.2025
Euribor EUR 6m,0.02099,10.10.2025
Euribor EUR 3m,0.02009,10.10.2025
RUSFAR RUB 3m,0.1655,13.10.2025
Euribor EUR 1m,0.0192,10.10.2025
RUONIA Comp.,0.1635,10.10.2025
RusFar RUB O/N,0.1628,13.10.2025
OIS FX,0.1387469,10.10.2025
SOFR Comp.,0.0415,10.10.2025
ESTR Comp.,0.01926,10.10.2025
RUSFARCNY Comp.,0.0015,13.10.2025
RUONIA Avg.,0.1635,10.10.2025
RUB KeyRate,0.17,10.10.2025
Euribor EUR 6m,0.02104,09.10.2025
Euribor EUR 3m,0.02025,09.10.2025
RUSFAR RUB 3m,0.1661,10.10.2025
Euribor EUR 1m,0.01926,09.10.2025
RUONIA Comp.,0.1675,09.10.2025
RusFar RUB O/N,0.1629,10.10.2025
OIS FX,0.1387469,09.10.2025
SOFR Comp.,0.0413,09.10.2025
ESTR Comp.,0.01927,09.10.2025
RUSFARCNY Comp.,0.0008,10.10.2025
RUONIA Avg.,0.1675,09.10.2025
RUB KeyRate,0.17,09.10.2025
Euribor EUR 6m,0.02103,08.10.2025
Euribor EUR 3m,0.02019,08.10.2025
RUSFAR RUB 3m,0.1661,09.10.2025
Euribor EUR 1m,0.01918,08.10.2025
RUONIA Comp.,0.1675,08.10.2025
RusFar RUB O/N,0.1658,09.10.2025
OIS FX,0.1387469,08.10.2025
SOFR Comp.,0.0412,08.10.2025
ESTR Comp.,0.01924,08.10.2025
RUSFARCNY Comp.,0.0004,09.10.2025
RUONIA Avg.,0.1675,08.10.2025
RUB KeyRate,0.17,08.10.2025
Euribor EUR 6m,0.02106,07.10.2025
Euribor EUR 3m,0.02029,07.10.2025
RUSFAR RUB 3m,0.1663,08.10.2025
Euribor EUR 1m,0.01897,07.10.2025
RUONIA Comp.,0.1683,07.10.2025
RusFar RUB O/N,0.1671,08.10.2025
OIS FX,0.1387469,07.10.2025
SOFR Comp.,0.0414,07.10.2025
ESTR Comp.,0.01926,07.10.2025
RUONIA Avg.,0.1683,07.10.2025
RUB KeyRate,0.17,07.10.2025
Euribor EUR 6m,0.02103,06.10.2025
Euribor EUR 3m,0.02026,06.10.2025
RUSFAR RUB 3m,0.1665,07.10.2025
Euribor EUR 1m,0.0192,06.10.2025
RUONIA Comp.,0.1683,06.10.2025
RusFar RUB O/N,0.1693,07.10.2025
OIS FX,0.1387469,06.10.2025
SOFR Comp.,0.0415,06.10.2025
ESTR Comp.,0.01925,06.10.2025
RUONIA Avg.,0.1683,06.10.2025
RUB KeyRate,0.17,06.10.2025
Euribor EUR 6m,0.02095,03.10.2025
Euribor EUR 3m,0.0202,03.10.2025
RUSFAR RUB 3m,0.1669,06.10.2025
Euribor EUR 1m,0.01939,03.10.2025
RUONIA Comp.,0.1679,03.10.2025
RusFar RUB O/N,0.1693,06.10.2025
OIS FX,0.1387469,03.10.2025
SOFR Comp.,0.0418,03.10.2025
ESTR Comp.,0.01921,03.10.2025
RUONIA Avg.,0.1679,03.10.2025
RUB KeyRate,0.17,03.10.2025
Euribor EUR 6m,0.02083,02.10.2025
Euribor EUR 3m,0.02,02.10.2025
RUSFAR RUB 3m,0.1664,03.10.2025
Euribor EUR 1m,0.01926,02.10.2025
RUONIA Comp.,0.1676,02.10.2025
RusFar RUB O/N,0.1685,03.10.2025
OIS FX,0.1387469,02.10.2025
SOFR Comp.,0.042,02.10.2025
ESTR Comp.,0.01923,02.10.2025
RUONIA Avg.,0.1676,02.10.2025
RUB KeyRate,0.17,02.10.2025
Euribor EUR 6m,0.02079,01.10.2025
Euribor EUR 3m,0.02017,01.10.2025
RUSFAR RUB 3m,0.1664,02.10.2025
Euribor EUR 1m,0.01909,01.10.2025
RUONIA Comp.,0.168,01.10.2025
RusFar RUB O/N,0.1672,02.10.2025
OIS FX,0.1387469,01.10.2025
SOFR Comp.,0.042,01.10.2025
ESTR Comp.,0.01927,01.10.2025
RUONIA Avg.,0.168,01.10.2025
RUB KeyRate,0.17,01.10.2025
Euribor EUR 6m,0.02096,30.09.2025
Euribor EUR 3m,0.02032,30.09.2025
RUSFAR RUB 3m,0.1664,01.10.2025
Euribor EUR 1m,0.01929,30.09.2025
RUONIA Comp.,0.1699,30.09.2025
RusFar RUB O/N,0.1689,01.10.2025
OIS FX,0.1387469,30.09.2025
SOFR Comp.,0.0424,30.09.2025
ESTR Comp.,0.01916,30.09.2025
RUONIA Avg.,0.1699,30.09.2025
RUB KeyRate,0.17,30.09.2025
Euribor EUR 6m,0.02109,29.09.2025
Euribor EUR 3m,0.02016,29.09.2025
RUSFAR RUB 3m,0.1671,30.09.2025
Euribor EUR 1m,0.01931,29.09.2025
RUONIA Comp.,0.17,29.09.2025
RusFar RUB O/N,0.1703,30.09.2025
OIS FX,0.1387469,29.09.2025
SOFR Comp.,0.0413,29.09.2025
ESTR Comp.,0.01926,29.09.2025
RUSFARCNY Comp.,-0.0023,30.09.2025
RUONIA Avg.,0.17,29.09.2025
RUB KeyRate,0.17,29.09.2025
Euribor EUR 6m,0.02123,26.09.2025
Euribor EUR 3m,0.02,26.09.2025
RUSFAR RUB 3m,0.1653,29.09.2025
Euribor EUR 1m,0.01913,26.09.2025
RUONIA Comp.,0.17,26.09.2025
RusFar RUB O/N,0.1698,29.09.2025
OIS FX,0.1387469,26.09.2025
SOFR Comp.,0.0416,26.09.2025
ESTR Comp.,0.01926,26.09.2025
RUSFARCNY Comp.,0.0017,29.09.2025
RUONIA Avg.,0.17,26.09.2025
RUB KeyRate,0.17,26.09.2025
Euribor EUR 6m,0.02109,25.09.2025
Euribor EUR 3m,0.0198,25.09.2025
RUSFAR RUB 3m,0.1663,26.09.2025
Euribor EUR 1m,0.01896,25.09.2025
RUONIA Comp.,0.17,25.09.2025
RusFar RUB O/N,0.17,26.09.2025
OIS FX,0.1387469,25.09.2025
SOFR Comp.,0.0418,25.09.2025
ESTR Comp.,0.01927,25.09.2025
RUSFARCNY Comp.,0.0014,26.09.2025
RUONIA Avg.,0.17,25.09.2025
RUB KeyRate,0.17,25.09.2025
Euribor EUR 6m,0.02103,24.09.2025
Euribor EUR 3m,0.01993,24.09.2025
RUSFAR RUB 3m,0.1655,25.09.2025
Euribor EUR 1m,0.01889,24.09.2025
RUONIA Comp.,0.1691,24.09.2025
RusFar RUB O/N,0.1696,25.09.2025
OIS FX,0.1387469,24.09.2025
SOFR Comp.,0.0413,24.09.2025
ESTR Comp.,0.01928,24.09.2025
RUSFARCNY Comp.,0.0012,25.09.2025
RUONIA Avg.,0.1691,24.09.2025
RUB KeyRate,0.17,24.09.2025
Euribor EUR 6m,0.02097,23.09.2025
Euribor EUR 3m,0.01996,23.09.2025
RUSFAR RUB 3m,0.1655,24.09.2025
Euribor EUR 1m,0.0187,23.09.2025
RUONIA Comp.,0.1692,23.09.2025
RusFar RUB O/N,0.1693,24.09.2025
OIS FX,0.1387469,23.09.2025
SOFR Comp.,0.0412,23.09.2025
ESTR Comp.,0.01927,23.09.2025
RUSFARCNY Comp.,0.0013,24.09.2025
RUONIA Avg.,0.1692,23.09.2025
RUB KeyRate,0.17,23.09.2025
Euribor EUR 6m,0.02109,22.09.2025
Euribor EUR 3m,0.02004,22.09.2025
RUSFAR RUB 3m,0.1653,23.09.2025
Euribor EUR 1m,0.01908,22.09.2025
RUONIA Comp.,0.1696,22.09.2025
RusFar RUB O/N,0.1693,23.09.2025
OIS FX,0.1387469,22.09.2025
SOFR Comp.,0.0414,22.09.2025
ESTR Comp.,0.01925,22.09.2025
RUSFARCNY Comp.,0.0012,23.09.2025
RUONIA Avg.,0.1696,22.09.2025
RUB KeyRate,0.17,22.09.2025
Euribor EUR 6m,0.02107,19.09.2025
Euribor EUR 3m,0.02016,19.09.2025
RUSFAR RUB 3m,0.1655,22.09.2025
Euribor EUR 1m,0.01909,19.09.2025
RUONIA Comp.,0.1696,19.09.2025
RusFar RUB O/N,0.1695,22.09.2025
OIS FX,0.1387469,19.09.2025
SOFR Comp.,0.0414,19.09.2025
ESTR Comp.,0.01925,19.09.2025
RUSFARCNY Comp.,0.0017,22.09.2025
RUONIA Avg.,0.1696,19.09.2025
RUONIA Avg.,0.1707,10.09.2025
RUB KeyRate,0.17,19.09.2025
Euribor EUR 6m,0.02098,18.09.2025
Euribor EUR 3m,0.02029,18.09.2025
RUSFAR RUB 3m,0.1655,19.09.2025
Euribor EUR 1m,0.0193,18.09.2025
RUONIA Comp.,0.1688,18.09.2025
RusFar RUB O/N,0.1693,19.09.2025
OIS FX,0.1387469,18.09.2025
SOFR Comp.,0.0414,18.09.2025
ESTR Comp.,0.01926,18.09.2025
RUSFARCNY Comp.,0.0023,19.09.2025
RUONIA Avg.,0.1688,18.09.2025
RUB KeyRate,0.17,18.09.2025
Euribor EUR 6m,0.02083,17.09.2025
Euribor EUR 3m,0.02024,17.09.2025
RUSFAR RUB 3m,0.1649,18.09.2025
Euribor EUR 1m,0.01923,17.09.2025
RUONIA Comp.,0.1683,17.09.2025
RusFar RUB O/N,0.1686,18.09.2025
OIS FX,0.1387469,17.09.2025
SOFR Comp.,0.0438,17.09.2025
ESTR Comp.,0.01927,17.09.2025
RUSFARCNY Comp.,0.0025,18.09.2025
RUONIA Avg.,0.1683,17.09.2025
RUB KeyRate,0.17,17.09.2025
Euribor EUR 6m,0.02087,16.09.2025
Euribor EUR 3m,0.02015,16.09.2025
RUSFAR RUB 3m,0.1656,17.09.2025
Euribor EUR 1m,0.01909,16.09.2025
RUONIA Comp.,0.1679,16.09.2025
RusFar RUB O/N,0.1685,17.09.2025
OIS FX,0.1387469,16.09.2025
SOFR Comp.,0.0439,16.09.2025
ESTR Comp.,0.01926,16.09.2025
RUSFARCNY Comp.,0.0024,17.09.2025
RUONIA Avg.,0.1679,16.09.2025
RUB KeyRate,0.17,16.09.2025
Euribor EUR 6m,0.02101,15.09.2025
Euribor EUR 3m,0.02033,15.09.2025
RUSFAR RUB 3m,0.1645,16.09.2025
Euribor EUR 1m,0.0188,15.09.2025
RUONIA Comp.,0.1676,15.09.2025
RusFar RUB O/N,0.1685,16.09.2025
OIS FX,0.1387469,15.09.2025
SOFR Comp.,0.0451,15.09.2025
ESTR Comp.,0.01926,15.09.2025
RUSFARCNY Comp.,0.0024,16.09.2025
RUONIA Avg.,0.1676,15.09.2025
RUB KeyRate,0.17,15.09.2025
Euribor EUR 6m,0.02108,12.09.2025
Euribor EUR 3m,0.02,12.09.2025
RUSFAR RUB 3m,0.1654,15.09.2025
Euribor EUR 1m,0.01879,12.09.2025
RUONIA Comp.,0.1706,12.09.2025
RusFar RUB O/N,0.1677,15.09.2025
OIS FX,0.1387469,12.09.2025
SOFR Comp.,0.0442,12.09.2025
ESTR Comp.,0.01925,12.09.2025
RUSFARCNY Comp.,0.003,15.09.2025
RUONIA Avg.,0.1706,12.09.2025
RUB KeyRate,0.18,12.09.2025
Euribor EUR 6m,0.02119,11.09.2025
Euribor EUR 3m,0.02014,11.09.2025
RUSFAR RUB 3m,0.1619,12.09.2025
Euribor EUR 1m,0.01877,11.09.2025
RUONIA Comp.,0.1705,11.09.2025
RusFar RUB O/N,0.1701,12.09.2025
OIS FX,0.1387469,11.09.2025
SOFR Comp.,0.0441,11.09.2025
ESTR Comp.,0.01925,11.09.2025
RUSFARCNY Comp.,0.0013,12.09.2025
RUONIA Avg.,0.1705,11.09.2025
RUB KeyRate,0.18,11.09.2025
Euribor EUR 6m,0.02114,10.09.2025
Euribor EUR 3m,0.02029,10.09.2025
RUSFAR RUB 3m,0.1619,11.09.2025
Euribor EUR 1m,0.01893,10.09.2025
RUONIA Comp.,0.1707,10.09.2025
RusFar RUB O/N,0.1692,11.09.2025
OIS FX,0.1387469,10.09.2025
SOFR Comp.,0.0439,10.09.2025
ESTR Comp.,0.01922,10.09.2025
RUSFARCNY Comp.,0.0004,11.09.2025
RUONIA Avg.,0.1707,10.09.2025
RUB KeyRate,0.18,10.09.2025
Euribor EUR 6m,0.02106,09.09.2025
Euribor EUR 3m,0.02029,09.09.2025
RUSFAR RUB 3m,0.1618,10.09.2025
Euribor EUR 1m,0.01901,09.09.2025
RUONIA Comp.,0.1775,09.09.2025
RusFar RUB O/N,0.1708,10.09.2025
OIS FX,0.1387469,09.09.2025
SOFR Comp.,0.044,09.09.2025
ESTR Comp.,0.01923,09.09.2025
RUSFARCNY Comp.,-0.0032,10.09.2025
RUONIA Avg.,0.1775,09.09.2025
RUB KeyRate,0.18,09.09.2025
Euribor EUR 6m,0.02105,08.09.2025
Euribor EUR 3m,0.02034,08.09.2025
RUSFAR RUB 3m,0.1626,09.09.2025
Euribor EUR 1m,0.01886,08.09.2025
RUONIA Comp.,0.1772,08.09.2025
RusFar RUB O/N,0.1768,09.09.2025
OIS FX,0.1387469,08.09.2025
SOFR Comp.,0.044,08.09.2025
ESTR Comp.,0.01922,08.09.2025
RUSFARCNY Comp.,-0.002,09.09.2025
RUONIA Avg.,0.1772,08.09.2025
RUB KeyRate,0.18,08.09.2025
Euribor EUR 6m,0.021,05.09.2025
Euribor EUR 3m,0.02053,05.09.2025
RUSFAR RUB 3m,0.1618,08.09.2025
Euribor EUR 1m,0.0188,05.09.2025
RUONIA Comp.,0.1773,05.09.2025
RusFar RUB O/N,0.1767,08.09.2025
OIS FX,0.1387469,05.09.2025
SOFR Comp.,0.0442,05.09.2025
ESTR Comp.,0.01923,05.09.2025
RUSFARCNY Comp.,-0.0029,08.09.2025
RUONIA Avg.,0.1773,05.09.2025
RUB KeyRate,0.18,05.09.2025
Euribor EUR 6m,0.02103,04.09.2025
Euribor EUR 3m,0.02078,04.09.2025
RUSFAR RUB 3m,0.1629,05.09.2025
Euribor EUR 1m,0.01872,04.09.2025
RUONIA Comp.,0.1775,04.09.2025
RusFar RUB O/N,0.1768,05.09.2025
OIS FX,0.1387469,04.09.2025
SOFR Comp.,0.0441,04.09.2025
ESTR Comp.,0.01925,04.09.2025
RUSFARCNY Comp.,-0.0038,05.09.2025
RUONIA Avg.,0.1775,04.09.2025
RUB KeyRate,0.18,04.09.2025
Euribor EUR 6m,0.02099,03.09.2025
Euribor EUR 3m,0.02076,03.09.2025
RUSFAR RUB 3m,0.1636,04.09.2025
Euribor EUR 1m,0.01891,03.09.2025
RUONIA Comp.,0.1774,03.09.2025
RusFar RUB O/N,0.177,04.09.2025
OIS FX,0.1387469,03.09.2025
SOFR Comp.,0.0439,03.09.2025
ESTR Comp.,0.01923,03.09.2025
RUSFARCNY Comp.,-0.0034,04.09.2025
RUONIA Avg.,0.1774,03.09.2025
RUB KeyRate,0.18,03.09.2025
Euribor EUR 6m,0.02089,02.09.2025
Euribor EUR 3m,0.02075,02.09.2025
RUSFAR RUB 3m,0.164,03.09.2025
Euribor EUR 1m,0.01898,02.09.2025
RUONIA Comp.,0.1775,02.09.2025
RusFar RUB O/N,0.1771,03.09.2025
OIS FX,0.1387469,02.09.2025
SOFR Comp.,0.0439,02.09.2025
ESTR Comp.,0.01922,02.09.2025
RUSFARCNY Comp.,-0.0033,03.09.2025
RUONIA Avg.,0.1775,02.09.2025
RUB KeyRate,0.18,02.09.2025
Euribor EUR 6m,0.02086,01.09.2025
Euribor EUR 3m,0.02074,01.09.2025
RUSFAR RUB 3m,0.165,02.09.2025
Euribor EUR 1m,0.01875,01.09.2025
RUONIA Comp.,0.1775,01.09.2025
RusFar RUB O/N,0.1768,02.09.2025
ESTR Comp.,0.01925,01.09.2025
RUSFARCNY Comp.,-0.0028,02.09.2025
RUONIA Avg.,0.1775,01.09.2025
RUB KeyRate,0.18,01.09.2025
Euribor EUR 6m,0.02074,29.08.2025
Euribor EUR 3m,0.02061,29.08.2025
RUSFAR RUB 3m,0.1644,01.09.2025
Euribor EUR 1m,0.01859,29.08.2025
RUONIA Comp.,0.1775,29.08.2025
RusFar RUB O/N,0.1766,01.09.2025
OIS FX,0.1387469,29.08.2025
SOFR Comp.,0.0434,29.08.2025
ESTR Comp.,0.0192,29.08.2025
RUSFARCNY Comp.,-0.0023,01.09.2025
RUONIA Avg.,0.1775,29.08.2025
RUB KeyRate,0.18,29.08.2025
Euribor EUR 6m,0.02069,28.08.2025
Euribor EUR 3m,0.02047,28.08.2025
RUSFAR RUB 3m,0.1648,29.08.2025
Euribor EUR 1m,0.01863,28.08.2025
RUONIA Comp.,0.1775,28.08.2025
RusFar RUB O/N,0.1766,29.08.2025
OIS FX,0.1387469,28.08.2025
SOFR Comp.,0.0434,28.08.2025
ESTR Comp.,0.01925,28.08.2025
RUSFARCNY Comp.,-0.0021,29.08.2025
RUONIA Avg.,0.1775,28.08.2025
RUB KeyRate,0.18,28.08.2025
Euribor EUR 6m,0.02062,27.08.2025
Euribor EUR 3m,0.02032,27.08.2025
RUSFAR RUB 3m,0.1653,28.08.2025
Euribor EUR 1m,0.01867,27.08.2025
RUONIA Comp.,0.1772,27.08.2025
RusFar RUB O/N,0.1766,28.08.2025
OIS FX,0.1387469,27.08.2025
SOFR Comp.,0.0436,27.08.2025
ESTR Comp.,0.01925,27.08.2025
RUSFARCNY Comp.,-0.0016,28.08.2025
RUONIA Avg.,0.1772,27.08.2025
RUB KeyRate,0.18,27.08.2025
Euribor EUR 6m,0.02064,26.08.2025
Euribor EUR 3m,0.02022,26.08.2025
RUSFAR RUB 3m,0.1659,27.08.2025
Euribor EUR 1m,0.01881,26.08.2025
RUONIA Comp.,0.1775,26.08.2025
RusFar RUB O/N,0.1766,27.08.2025
OIS FX,0.1387469,26.08.2025
SOFR Comp.,0.0438,26.08.2025
ESTR Comp.,0.01926,26.08.2025
RUSFARCNY Comp.,-0.0013,27.08.2025
RUONIA Avg.,0.1775,26.08.2025
RUB KeyRate,0.18,26.08.2025
Euribor EUR 6m,0.0207,25.08.2025
Euribor EUR 3m,0.02021,25.08.2025
RUSFAR RUB 3m,0.1644,26.08.2025
Euribor EUR 1m,0.01881,25.08.2025
RUONIA Comp.,0.1774,25.08.2025
RusFar RUB O/N,0.1766,26.08.2025
OIS FX,0.1387469,25.08.2025
SOFR Comp.,0.0437,25.08.2025
ESTR Comp.,0.01925,25.08.2025
RUSFARCNY Comp.,-0.0018,26.08.2025
RUONIA Avg.,0.1774,25.08.2025
RUB KeyRate,0.18,25.08.2025
Euribor EUR 6m,0.02057,22.08.2025
Euribor EUR 3m,0.02017,22.08.2025
RUSFAR RUB 3m,0.1647,25.08.2025
Euribor EUR 1m,0.01889,22.08.2025
RUONIA Comp.,0.1774,22.08.2025
RusFar RUB O/N,0.1768,25.08.2025
OIS FX,0.1387469,22.08.2025
SOFR Comp.,0.0436,22.08.2025
ESTR Comp.,0.01926,22.08.2025
RUSFARCNY Comp.,-0.0017,25.08.2025
RUONIA Avg.,0.1774,22.08.2025
RUB KeyRate,0.18,22.08.2025
Euribor EUR 6m,0.02077,21.08.2025
Euribor EUR 3m,0.02026,21.08.2025
RUSFAR RUB 3m,0.1653,22.08.2025
Euribor EUR 1m,0.01893,21.08.2025
RUONIA Comp.,0.1776,21.08.2025
RusFar RUB O/N,0.1771,22.08.2025
OIS FX,0.1387469,21.08.2025
SOFR Comp.,0.0432,21.08.2025
ESTR Comp.,0.01926,21.08.2025
RUSFARCNY Comp.,-0.0018,22.08.2025
RUONIA Avg.,0.1776,21.08.2025
RUB KeyRate,0.18,21.08.2025
Euribor EUR 6m,0.02093,20.08.2025
Euribor EUR 3m,0.02034,20.08.2025
RUSFAR RUB 3m,0.1663,21.08.2025
Euribor EUR 1m,0.01911,20.08.2025
RUONIA Comp.,0.1772,20.08.2025
RusFar RUB O/N,0.1771,21.08.2025
OIS FX,0.1387469,20.08.2025
SOFR Comp.,0.0431,20.08.2025
ESTR Comp.,0.01926,20.08.2025
RUSFARCNY Comp.,-0.0017,21.08.2025
RUONIA Avg.,0.1772,20.08.2025
RUB KeyRate,0.18,20.08.2025
Euribor EUR 6m,0.02109,19.08.2025
Euribor EUR 3m,0.02034,19.08.2025
RUSFAR RUB 3m,0.167,20.08.2025
Euribor EUR 1m,0.01917,19.08.2025
RUONIA Comp.,0.1774,19.08.2025
RusFar RUB O/N,0.1771,20.08.2025
OIS FX,0.1387469,19.08.2025
SOFR Comp.,0.0433,19.08.2025
ESTR Comp.,0.01925,19.08.2025
RUSFARCNY Comp.,-0.0014,20.08.2025
RUONIA Avg.,0.1774,19.08.2025
RUB KeyRate,0.18,19.08.2025
Euribor EUR 6m,0.02111,18.08.2025
Euribor EUR 3m,0.02028,18.08.2025
RUSFAR RUB 3m,0.1674,19.08.2025
Euribor EUR 1m,0.01921,18.08.2025
RUONIA Comp.,0.1768,18.08.2025
RusFar RUB O/N,0.1769,19.08.2025
OIS FX,0.1387469,18.08.2025
SOFR Comp.,0.0434,18.08.2025
ESTR Comp.,0.01924,18.08.2025
RUSFARCNY Comp.,-0.0017,19.08.2025
RUONIA Avg.,0.1768,18.08.2025
RUB KeyRate,0.18,18.08.2025
Euribor EUR 6m,0.02111,15.08.2025
Euribor EUR 3m,0.02026,15.08.2025
RUSFAR RUB 3m,0.1675,18.08.2025
Euribor EUR 1m,0.01901,15.08.2025
RUONIA Comp.,0.1781,15.08.2025
RusFar RUB O/N,0.177,18.08.2025
OIS FX,0.1387469,15.08.2025
SOFR Comp.,0.0436,15.08.2025
ESTR Comp.,0.01924,15.08.2025
RUSFARCNY Comp.,-0.0008,18.08.2025
RUONIA Avg.,0.1781,15.08.2025
RUB KeyRate,0.18,15.08.2025
Euribor EUR 6m,0.02112,14.08.2025
Euribor EUR 3m,0.02034,14.08.2025
RUSFAR RUB 3m,0.1674,15.08.2025
Euribor EUR 1m,0.01874,14.08.2025
RUONIA Comp.,0.1777,14.08.2025
RusFar RUB O/N,0.1774,15.08.2025
OIS FX,0.1387469,14.08.2025
SOFR Comp.,0.0434,14.08.2025
ESTR Comp.,0.01926,14.08.2025
RUSFARCNY Comp.,-0.0008,15.08.2025
RUONIA Avg.,0.1777,14.08.2025
RUB KeyRate,0.18,14.08.2025
Euribor EUR 6m,0.021,13.08.2025
Euribor EUR 3m,0.02036,13.08.2025
RUSFAR RUB 3m,0.1679,14.08.2025
Euribor EUR 1m,0.01844,13.08.2025
RUONIA Comp.,0.1773,13.08.2025
RusFar RUB O/N,0.1779,14.08.2025
OIS FX,0.1387469,13.08.2025
SOFR Comp.,0.0433,13.08.2025
ESTR Comp.,0.01923,13.08.2025
RUSFARCNY Comp.,-0.0014,14.08.2025
RUONIA Avg.,0.1773,13.08.2025
RUB KeyRate,0.18,13.08.2025
Euribor EUR 6m,0.02098,12.08.2025
Euribor EUR 3m,0.02029,12.08.2025
RUSFAR RUB 3m,0.1691,13.08.2025
Euribor EUR 1m,0.01866,12.08.2025
RUONIA Comp.,0.1709,12.08.2025
RusFar RUB O/N,0.1766,13.08.2025
OIS FX,0.1387469,12.08.2025
SOFR Comp.,0.0436,12.08.2025
ESTR Comp.,0.01922,12.08.2025
RUSFARCNY Comp.,-0.0005,13.08.2025
RUONIA Avg.,0.1709,12.08.2025
RUB KeyRate,0.18,12.08.2025
Euribor EUR 6m,0.02085,11.08.2025
Euribor EUR 3m,0.02029,11.08.2025
RUSFAR RUB 3m,0.1708,12.08.2025
Euribor EUR 1m,0.01904,11.08.2025
RUONIA Comp.,0.1759,11.08.2025
RusFar RUB O/N,0.1703,12.08.2025
OIS FX,0.1387469,11.08.2025
SOFR Comp.,0.0434,11.08.2025
ESTR Comp.,0.01918,11.08.2025
RUSFARCNY Comp.,-0.0018,12.08.2025
RUONIA Avg.,0.1759,11.08.2025
RUB KeyRate,0.18,11.08.2025
Euribor EUR 6m,0.02083,08.08.2025
Euribor EUR 3m,0.02019,08.08.2025
RUSFAR RUB 3m,0.1716,11.08.2025
Euribor EUR 1m,0.019,08.08.2025
RUONIA Comp.,0.1775,08.08.2025
RusFar RUB O/N,0.1752,11.08.2025
OIS FX,0.1387469,08.08.2025
SOFR Comp.,0.0435,08.08.2025
ESTR Comp.,0.01922,08.08.2025
RUSFARCNY Comp.,-0.0015,11.08.2025
RUONIA Avg.,0.1775,08.08.2025
RUB KeyRate,0.18,08.08.2025
Euribor EUR 6m,0.02087,07.08.2025
Euribor EUR 3m,0.02003,07.08.2025
RUSFAR RUB 3m,0.1728,08.08.2025
Euribor EUR 1m,0.01892,07.08.2025
RUONIA Comp.,0.1777,07.08.2025
RusFar RUB O/N,0.1774,08.08.2025
OIS FX,0.1387469,07.08.2025
SOFR Comp.,0.0435,07.08.2025
ESTR Comp.,0.01923,07.08.2025
RUSFARCNY Comp.,-0.0031,08.08.2025
RUONIA Avg.,0.1777,07.08.2025
RUB KeyRate,0.18,07.08.2025
Euribor EUR 6m,0.02089,06.08.2025
Euribor EUR 3m,0.01984,06.08.2025
RUSFAR RUB 3m,0.1739,07.08.2025
Euribor EUR 1m,0.01912,06.08.2025
RUONIA Comp.,0.1777,06.08.2025
RusFar RUB O/N,0.1771,07.08.2025
OIS FX,0.1387469,06.08.2025
SOFR Comp.,0.0434,06.08.2025
ESTR Comp.,0.01922,06.08.2025
RUSFARCNY Comp.,-0.0039,07.08.2025
RUONIA Avg.,0.1777,06.08.2025
RUONIA Avg.,0.1775,05.08.2025
RUB KeyRate,0.18,06.08.2025
Euribor EUR 6m,0.02075,05.08.2025
Euribor EUR 3m,0.01973,05.08.2025
RUSFAR RUB 3m,0.1742,06.08.2025
Euribor EUR 1m,0.01911,05.08.2025
RUONIA Comp.,0.1775,05.08.2025
RusFar RUB O/N,0.1773,06.08.2025
OIS FX,0.1387469,05.08.2025
SOFR Comp.,0.0434,05.08.2025
ESTR Comp.,0.01924,05.08.2025
RUSFARCNY Comp.,-0.0018,06.08.2025
RUONIA Avg.,0.1793,04.08.2025
RUB KeyRate,0.18,05.08.2025
Euribor EUR 6m,0.02077,04.08.2025
Euribor EUR 3m,0.01994,04.08.2025
RUSFAR RUB 3m,0.1742,05.08.2025
Euribor EUR 1m,0.01911,04.08.2025
RUONIA Comp.,0.1793,04.08.2025
RusFar RUB O/N,0.1769,05.08.2025
OIS FX,0.1387469,04.08.2025
SOFR Comp.,0.0433,04.08.2025
ESTR Comp.,0.01925,04.08.2025
RUSFARCNY Comp.,-0.0018,05.08.2025
RUB KeyRate,0.18,04.08.2025
RUB KeyRate,0.18,01.08.2025
RUB KeyRate,0.18,31.07.2025
RUB KeyRate,0.18,30.07.2025
RUB KeyRate,0.18,29.07.2025
RUB KeyRate,0.18,28.07.2025
Euribor EUR 6m,0.0207,01.08.2025
Euribor EUR 6m,0.02075,31.07.2025
Euribor EUR 6m,0.02085,30.07.2025
Euribor EUR 6m,0.02083,29.07.2025
Euribor EUR 6m,0.02101,28.07.2025
Euribor EUR 3m,0.01994,01.08.2025
Euribor EUR 3m,0.02008,31.07.2025
Euribor EUR 3m,0.02017,30.07.2025
Euribor EUR 3m,0.02026,29.07.2025
Euribor EUR 3m,0.02016,28.07.2025
RUSFAR RUB 3m,0.1749,04.08.2025
RUSFAR RUB 3m,0.1755,01.08.2025
RUSFAR RUB 3m,0.1756,31.07.2025
RUSFAR RUB 3m,0.1757,30.07.2025
RUSFAR RUB 3m,0.1757,29.07.2025
RUSFAR RUB 3m,0.1768,28.07.2025
Euribor EUR 1m,0.01893,01.08.2025
Euribor EUR 1m,0.01886,31.07.2025
Euribor EUR 1m,0.01884,30.07.2025
Euribor EUR 1m,0.01901,29.07.2025
Euribor EUR 1m,0.01881,28.07.2025
RUONIA Comp.,0.1809,01.08.2025
RUONIA Comp.,0.1823,31.07.2025
RUONIA Comp.,0.185,30.07.2025
RUONIA Comp.,0.1858,29.07.2025
RUONIA Comp.,0.1848,28.07.2025
RusFar RUB O/N,0.1793,04.08.2025
RusFar RUB O/N,0.1807,01.08.2025
RusFar RUB O/N,0.1812,31.07.2025
RusFar RUB O/N,0.1858,30.07.2025
RusFar RUB O/N,0.1865,29.07.2025
RusFar RUB O/N,0.1838,28.07.2025
OIS FX,0.1387469,01.08.2025
OIS FX,0.1387469,31.07.2025
OIS FX,0.1387469,30.07.2025
OIS FX,0.1387469,29.07.2025
OIS FX,0.1387469,28.07.2025
SOFR Comp.,0.0434,01.08.2025
SOFR Comp.,0.0439,31.07.2025
SOFR Comp.,0.0432,30.07.2025
SOFR Comp.,0.0436,29.07.2025
SOFR Comp.,0.0436,28.07.2025
ESTR Comp.,0.01927,01.08.2025
ESTR Comp.,0.01919,31.07.2025
ESTR Comp.,0.01924,30.07.2025
ESTR Comp.,0.01923,29.07.2025
ESTR Comp.,0.01923,28.07.2025
RUSFARCNY Comp.,-0.0021,04.08.2025
RUSFARCNY Comp.,-0.0022,01.08.2025
RUSFARCNY Comp.,-0.0018,31.07.2025
RUSFARCNY Comp.,-0.0021,30.07.2025
RUSFARCNY Comp.,-0.0013,29.07.2025
RUSFARCNY Comp.,-0.0013,28.07.2025
RUONIA Avg.,0.1809,01.08.2025
RUONIA Avg.,0.1823,31.07.2025
RUONIA Avg.,0.185,30.07.2025
RUONIA Avg.,0.1858,29.07.2025
RUONIA Avg.,0.1848,28.07.2025
