Дата,Фиксинг
23.04.2026,0.15
22.04.2026,0.15
21.04.2026,0.15
20.04.2026,0.15
17.04.2026,0.15
16.04.2026,0.15
15.04.2026,0.15
14.04.2026,0.15
13.04.2026,0.15
10.04.2026,0.15
09.04.2026,0.15
08.04.2026,0.15
07.04.2026,0.15
06.04.2026,0.15
03.04.2026,0.15
02.04.2026,0.15
01.04.2026,0.15
31.03.2026,0.15
30.03.2026,0.15
27.03.2026,0.15
26.03.2026,0.15
25.03.2026,0.15
24.03.2026,0.15
23.03.2026,0.15
20.03.2026,0.155
19.03.2026,0.155
18.03.2026,0.155
17.03.2026,0.155
16.03.2026,0.155
13.03.2026,0.155
12.03.2026,0.155
11.03.2026,0.155
10.03.2026,0.155
06.03.2026,0.155
05.03.2026,0.155
04.03.2026,0.155
03.03.2026,0.155
02.03.2026,0.155
01.03.2026,0.155
28.02.2026,0.155
27.02.2026,0.155
26.02.2026,0.155
25.02.2026,0.155
24.02.2026,0.155
23.02.2026,0.155
22.02.2026,0.155
21.02.2026,0.155
20.02.2026,0.155
19.02.2026,0.155
18.02.2026,0.155
17.02.2026,0.155
16.02.2026,0.155
15.02.2026,0.16
14.02.2026,0.16
13.02.2026,0.16
12.02.2026,0.16
11.02.2026,0.16
10.02.2026,0.16
09.02.2026,0.16
08.02.2026,0.16
07.02.2026,0.16
06.02.2026,0.16
05.02.2026,0.16
04.02.2026,0.16
03.02.2026,0.16
02.02.2026,0.16
01.02.2026,0.16
31.01.2026,0.16
30.01.2026,0.16
29.01.2026,0.16
28.01.2026,0.16
27.01.2026,0.16
26.01.2026,0.16
25.01.2026,0.16
24.01.2026,0.16
23.01.2026,0.16
22.01.2026,0.16
21.01.2026,0.16
20.01.2026,0.16
19.01.2026,0.16
18.01.2026,0.16
17.01.2026,0.16
16.01.2026,0.16
15.01.2026,0.16
14.01.2026,0.16
13.01.2026,0.16
12.01.2026,0.16
11.01.2026,0.16
10.01.2026,0.16
09.01.2026,0.16
08.01.2026,0.16
07.01.2026,0.16
06.01.2026,0.16
05.01.2026,0.16
04.01.2026,0.16
03.01.2026,0.16
02.01.2026,0.16
01.01.2026,0.16
31.12.2025,0.16
30.12.2025,0.16
29.12.2025,0.16
28.12.2025,0.16
27.12.2025,0.16
26.12.2025,0.16
25.12.2025,0.16
24.12.2025,0.16
23.12.2025,0.16
22.12.2025,0.16
21.12.2025,0.165
20.12.2025,0.165
19.12.2025,0.165
18.12.2025,0.165
17.12.2025,0.165
16.12.2025,0.165
15.12.2025,0.165
14.12.2025,0.165
13.12.2025,0.165
12.12.2025,0.165
11.12.2025,0.165
10.12.2025,0.165
09.12.2025,0.165
08.12.2025,0.165
07.12.2025,0.165
06.12.2025,0.165
05.12.2025,0.165
04.12.2025,0.165
03.12.2025,0.165
02.12.2025,0.165
01.12.2025,0.165
30.11.2025,0.165
29.11.2025,0.165
28.11.2025,0.165
27.11.2025,0.165
26.11.2025,0.165
25.11.2025,0.165
24.11.2025,0.165
23.11.2025,0.165
22.11.2025,0.165
21.11.2025,0.165
20.11.2025,0.165
19.11.2025,0.165
18.11.2025,0.165
17.11.2025,0.165
16.11.2025,0.165
15.11.2025,0.165
14.11.2025,0.165
13.11.2025,0.165
12.11.2025,0.165
11.11.2025,0.165
10.11.2025,0.165
09.11.2025,0.165
08.11.2025,0.165
07.11.2025,0.165
06.11.2025,0.165
05.11.2025,0.165
04.11.2025,0.165
03.11.2025,0.165
02.11.2025,0.165
01.11.2025,0.165
31.10.2025,0.165
30.10.2025,0.165
29.10.2025,0.165
28.10.2025,0.165
27.10.2025,0.165
26.10.2025,0.17
25.10.2025,0.17
24.10.2025,0.17
23.10.2025,0.17
22.10.2025,0.17
21.10.2025,0.17
20.10.2025,0.17
19.10.2025,0.17
18.10.2025,0.17
17.10.2025,0.17
16.10.2025,0.17
15.10.2025,0.17
14.10.2025,0.17
13.10.2025,0.17
12.10.2025,0.17
11.10.2025,0.17
10.10.2025,0.17
09.10.2025,0.17
08.10.2025,0.17
07.10.2025,0.17
06.10.2025,0.17
05.10.2025,0.17
04.10.2025,0.17
03.10.2025,0.17
02.10.2025,0.17
01.10.2025,0.17
30.09.2025,0.17
29.09.2025,0.17
28.09.2025,0.17
27.09.2025,0.17
26.09.2025,0.17
25.09.2025,0.17
24.09.2025,0.17
23.09.2025,0.17
22.09.2025,0.17
21.09.2025,0.17
20.09.2025,0.17
19.09.2025,0.17
18.09.2025,0.17
17.09.2025,0.17
16.09.2025,0.17
15.09.2025,0.17
14.09.2025,0.18
13.09.2025,0.18
12.09.2025,0.18
11.09.2025,0.18
10.09.2025,0.18
09.09.2025,0.18
08.09.2025,0.18
07.09.2025,0.18
06.09.2025,0.18
05.09.2025,0.18
04.09.2025,0.18
03.09.2025,0.18
02.09.2025,0.18
01.09.2025,0.18
31.08.2025,0.18
30.08.2025,0.18
29.08.2025,0.18
28.08.2025,0.18
27.08.2025,0.18
26.08.2025,0.18
25.08.2025,0.18
24.08.2025,0.18
23.08.2025,0.18
22.08.2025,0.18
21.08.2025,0.18
20.08.2025,0.18
19.08.2025,0.18
18.08.2025,0.18
17.08.2025,0.18
16.08.2025,0.18
15.08.2025,0.18
14.08.2025,0.18
13.08.2025,0.18
12.08.2025,0.18
11.08.2025,0.18
10.08.2025,0.18
09.08.2025,0.18
08.08.2025,0.18
07.08.2025,0.18
06.08.2025,0.18
05.08.2025,0.18
04.08.2025,0.18
03.08.2025,0.18
02.08.2025,0.18
01.08.2025,0.18
31.07.2025,0.18
30.07.2025,0.18
29.07.2025,0.18
28.07.2025,0.18
27.07.2025,0.2
26.07.2025,0.2
25.07.2025,0.2
24.07.2025,0.2
23.07.2025,0.2
22.07.2025,0.2
21.07.2025,0.2
20.07.2025,0.2
19.07.2025,0.2
18.07.2025,0.2
17.07.2025,0.2
16.07.2025,0.2
15.07.2025,0.2
14.07.2025,0.2
13.07.2025,0.2
12.07.2025,0.2
11.07.2025,0.2
10.07.2025,0.2
09.07.2025,0.2
08.07.2025,0.2
07.07.2025,0.2
06.07.2025,0.2
05.07.2025,0.2
04.07.2025,0.2
03.07.2025,0.2
02.07.2025,0.2
01.07.2025,0.2
30.06.2025,0.2
29.06.2025,0.2
28.06.2025,0.2
27.06.2025,0.2
26.06.2025,0.2
25.06.2025,0.2
24.06.2025,0.2
23.06.2025,0.2
22.06.2025,0.2
21.06.2025,0.2
20.06.2025,0.2
19.06.2025,0.2
18.06.2025,0.2
17.06.2025,0.2
16.06.2025,0.2
15.06.2025,0.2
14.06.2025,0.2
13.06.2025,0.2
12.06.2025,0.2
11.06.2025,0.2
10.06.2025,0.2
09.06.2025,0.2
08.06.2025,0.21
07.06.2025,0.21
06.06.2025,0.21
05.06.2025,0.21
04.06.2025,0.21
03.06.2025,0.21
02.06.2025,0.21
01.06.2025,0.21
31.05.2025,0.21
30.05.2025,0.21
29.05.2025,0.21
28.05.2025,0.21
27.05.2025,0.21
26.05.2025,0.21
25.05.2025,0.21
24.05.2025,0.21
23.05.2025,0.21
22.05.2025,0.21
21.05.2025,0.21
20.05.2025,0.21
19.05.2025,0.21
18.05.2025,0.21
17.05.2025,0.21
16.05.2025,0.21
15.05.2025,0.21
14.05.2025,0.21
13.05.2025,0.21
12.05.2025,0.21
11.05.2025,0.21
10.05.2025,0.21
09.05.2025,0.21
08.05.2025,0.21
07.05.2025,0.21
06.05.2025,0.21
05.05.2025,0.21
04.05.2025,0.21
03.05.2025,0.21
02.05.2025,0.21
01.05.2025,0.21
30.04.2025,0.21
29.04.2025,0.21
28.04.2025,0.21
27.04.2025,0.21
26.04.2025,0.21
25.04.2025,0.21
24.04.2025,0.21
23.04.2025,0.21
22.04.2025,0.21
21.04.2025,0.21
20.04.2025,0.21
19.04.2025,0.21
18.04.2025,0.21
17.04.2025,0.21
16.04.2025,0.21
15.04.2025,0.21
14.04.2025,0.21
13.04.2025,0.21
12.04.2025,0.21
11.04.2025,0.21
10.04.2025,0.21
09.04.2025,0.21
08.04.2025,0.21
07.04.2025,0.21
06.04.2025,0.21
05.04.2025,0.21
04.04.2025,0.21
03.04.2025,0.21
02.04.2025,0.21
01.04.2025,0.21
31.03.2025,0.21
30.03.2025,0.21
29.03.2025,0.21
28.03.2025,0.21
27.03.2025,0.21
26.03.2025,0.21
25.03.2025,0.21
24.03.2025,0.21
23.03.2025,0.21
22.03.2025,0.21
21.03.2025,0.21
20.03.2025,0.21
19.03.2025,0.21
18.03.2025,0.21
17.03.2025,0.21
16.03.2025,0.21
15.03.2025,0.21
14.03.2025,0.21
13.03.2025,0.21
12.03.2025,0.21
11.03.2025,0.21
10.03.2025,0.21
09.03.2025,0.21
08.03.2025,0.21
07.03.2025,0.21
06.03.2025,0.21
05.03.2025,0.21
04.03.2025,0.21
03.03.2025,0.21
02.03.2025,0.21
01.03.2025,0.21
28.02.2025,0.21
27.02.2025,0.21
26.02.2025,0.21
25.02.2025,0.21
24.02.2025,0.21
23.02.2025,0.21
22.02.2025,0.21
21.02.2025,0.21
20.02.2025,0.21
19.02.2025,0.21
18.02.2025,0.21
17.02.2025,0.21
16.02.2025,0.21
15.02.2025,0.21
14.02.2025,0.21
13.02.2025,0.21
12.02.2025,0.21
11.02.2025,0.21
10.02.2025,0.21
09.02.2025,0.21
08.02.2025,0.21
07.02.2025,0.21
06.02.2025,0.21
05.02.2025,0.21
04.02.2025,0.21
03.02.2025,0.21
02.02.2025,0.21
01.02.2025,0.21
31.01.2025,0.21
30.01.2025,0.21
29.01.2025,0.21
28.01.2025,0.21
27.01.2025,0.21
26.01.2025,0.21
25.01.2025,0.21
24.01.2025,0.21
23.01.2025,0.21
22.01.2025,0.21
21.01.2025,0.21
20.01.2025,0.21
19.01.2025,0.21
18.01.2025,0.21
17.01.2025,0.21
16.01.2025,0.21
15.01.2025,0.21
14.01.2025,0.21
13.01.2025,0.21
12.01.2025,0.21
11.01.2025,0.21
10.01.2025,0.21
09.01.2025,0.21
08.01.2025,0.21
07.01.2025,0.21
06.01.2025,0.21
05.01.2025,0.21
04.01.2025,0.21
03.01.2025,0.21
02.01.2025,0.21
01.01.2025,0.21
31.12.2024,0.21
30.12.2024,0.21
29.12.2024,0.21
28.12.2024,0.21
27.12.2024,0.21
26.12.2024,0.21
25.12.2024,0.21
24.12.2024,0.21
23.12.2024,0.21
22.12.2024,0.21
21.12.2024,0.21
20.12.2024,0.21
19.12.2024,0.21
18.12.2024,0.21
17.12.2024,0.21
16.12.2024,0.21
15.12.2024,0.21
14.12.2024,0.21
13.12.2024,0.21
12.12.2024,0.21
11.12.2024,0.21
10.12.2024,0.21
09.12.2024,0.21
08.12.2024,0.21
07.12.2024,0.21
06.12.2024,0.21
05.12.2024,0.21
04.12.2024,0.21
03.12.2024,0.21
02.12.2024,0.21
01.12.2024,0.21
30.11.2024,0.21
29.11.2024,0.21
28.11.2024,0.21
27.11.2024,0.21
26.11.2024,0.21
25.11.2024,0.21
24.11.2024,0.21
23.11.2024,0.21
22.11.2024,0.21
21.11.2024,0.21
20.11.2024,0.21
19.11.2024,0.21
18.11.2024,0.21
17.11.2024,0.21
16.11.2024,0.21
15.11.2024,0.21
14.11.2024,0.21
13.11.2024,0.21
12.11.2024,0.21
11.11.2024,0.21
10.11.2024,0.21
09.11.2024,0.21
08.11.2024,0.21
07.11.2024,0.21
06.11.2024,0.21
05.11.2024,0.21
04.11.2024,0.21
03.11.2024,0.21
02.11.2024,0.21
01.11.2024,0.21
31.10.2024,0.21
30.10.2024,0.21
29.10.2024,0.21
28.10.2024,0.21
27.10.2024,0.19
26.10.2024,0.19
25.10.2024,0.19
24.10.2024,0.19
23.10.2024,0.19
22.10.2024,0.19
21.10.2024,0.19
20.10.2024,0.19
19.10.2024,0.19
18.10.2024,0.19
17.10.2024,0.19
16.10.2024,0.19
15.10.2024,0.19
14.10.2024,0.19
13.10.2024,0.19
12.10.2024,0.19
11.10.2024,0.19
10.10.2024,0.19
09.10.2024,0.19
08.10.2024,0.19
07.10.2024,0.19
06.10.2024,0.19
05.10.2024,0.19
04.10.2024,0.19
03.10.2024,0.19
02.10.2024,0.19
01.10.2024,0.19
30.09.2024,0.19
29.09.2024,0.19
28.09.2024,0.19
27.09.2024,0.19
26.09.2024,0.19
25.09.2024,0.19
24.09.2024,0.19
23.09.2024,0.19
22.09.2024,0.19
21.09.2024,0.19
20.09.2024,0.19
19.09.2024,0.19
18.09.2024,0.19
17.09.2024,0.19
16.09.2024,0.19
15.09.2024,0.18
14.09.2024,0.18
13.09.2024,0.18
12.09.2024,0.18
11.09.2024,0.18
10.09.2024,0.18
09.09.2024,0.18
08.09.2024,0.18
07.09.2024,0.18
06.09.2024,0.18
05.09.2024,0.18
04.09.2024,0.18
03.09.2024,0.18
02.09.2024,0.18
01.09.2024,0.18
31.08.2024,0.18
30.08.2024,0.18
29.08.2024,0.18
28.08.2024,0.18
27.08.2024,0.18
26.08.2024,0.18
25.08.2024,0.18
24.08.2024,0.18
23.08.2024,0.18
22.08.2024,0.18
21.08.2024,0.18
20.08.2024,0.18
19.08.2024,0.18
18.08.2024,0.18
17.08.2024,0.18
16.08.2024,0.18
15.08.2024,0.18
14.08.2024,0.18
13.08.2024,0.18
12.08.2024,0.18
11.08.2024,0.18
10.08.2024,0.18
09.08.2024,0.18
08.08.2024,0.18
07.08.2024,0.18
06.08.2024,0.18
05.08.2024,0.18
04.08.2024,0.18
03.08.2024,0.18
02.08.2024,0.18
01.08.2024,0.18
31.07.2024,0.18
30.07.2024,0.18
29.07.2024,0.18
28.07.2024,0.16
27.07.2024,0.16
26.07.2024,0.16
25.07.2024,0.16
24.07.2024,0.16
23.07.2024,0.16
22.07.2024,0.16
21.07.2024,0.16
20.07.2024,0.16
19.07.2024,0.16
18.07.2024,0.16
17.07.2024,0.16
16.07.2024,0.16
15.07.2024,0.16
14.07.2024,0.16
13.07.2024,0.16
12.07.2024,0.16
11.07.2024,0.16
10.07.2024,0.16
09.07.2024,0.16
08.07.2024,0.16
07.07.2024,0.16
06.07.2024,0.16
05.07.2024,0.16
04.07.2024,0.16
03.07.2024,0.16
02.07.2024,0.16
01.07.2024,0.16
30.06.2024,0.16
29.06.2024,0.16
28.06.2024,0.16
27.06.2024,0.16
26.06.2024,0.16
25.06.2024,0.16
24.06.2024,0.16
23.06.2024,0.16
22.06.2024,0.16
21.06.2024,0.16
20.06.2024,0.16
19.06.2024,0.16
18.06.2024,0.16
17.06.2024,0.16
16.06.2024,0.16
15.06.2024,0.16
14.06.2024,0.16
13.06.2024,0.16
12.06.2024,0.16
11.06.2024,0.16
10.06.2024,0.16
09.06.2024,0.16
08.06.2024,0.16
07.06.2024,0.16
06.06.2024,0.16
05.06.2024,0.16
04.06.2024,0.16
03.06.2024,0.16
02.06.2024,0.16
01.06.2024,0.16
31.05.2024,0.16
30.05.2024,0.16
29.05.2024,0.16
28.05.2024,0.16
27.05.2024,0.16
26.05.2024,0.16
25.05.2024,0.16
24.05.2024,0.16
23.05.2024,0.16
22.05.2024,0.16
21.05.2024,0.16
20.05.2024,0.16
19.05.2024,0.16
18.05.2024,0.16
17.05.2024,0.16
16.05.2024,0.16
15.05.2024,0.16
14.05.2024,0.16
13.05.2024,0.16
12.05.2024,0.16
11.05.2024,0.16
10.05.2024,0.16
09.05.2024,0.16
08.05.2024,0.16
07.05.2024,0.16
06.05.2024,0.16
05.05.2024,0.16
04.05.2024,0.16
03.05.2024,0.16
02.05.2024,0.16
01.05.2024,0.16
30.04.2024,0.16
29.04.2024,0.16
28.04.2024,0.16
27.04.2024,0.16
26.04.2024,0.16
25.04.2024,0.16
24.04.2024,0.16
23.04.2024,0.16
22.04.2024,0.16
21.04.2024,0.16
20.04.2024,0.16
19.04.2024,0.16
18.04.2024,0.16
17.04.2024,0.16
16.04.2024,0.16
15.04.2024,0.16
14.04.2024,0.16
13.04.2024,0.16
12.04.2024,0.16
11.04.2024,0.16
10.04.2024,0.16
09.04.2024,0.16
08.04.2024,0.16
07.04.2024,0.16
06.04.2024,0.16
05.04.2024,0.16
04.04.2024,0.16
03.04.2024,0.16
02.04.2024,0.16
01.04.2024,0.16
31.03.2024,0.16
30.03.2024,0.16
29.03.2024,0.16
28.03.2024,0.16
27.03.2024,0.16
26.03.2024,0.16
25.03.2024,0.16
24.03.2024,0.16
23.03.2024,0.16
22.03.2024,0.16
21.03.2024,0.16
20.03.2024,0.16
19.03.2024,0.16
18.03.2024,0.16
17.03.2024,0.16
16.03.2024,0.16
15.03.2024,0.16
14.03.2024,0.16
13.03.2024,0.16
12.03.2024,0.16
11.03.2024,0.16
10.03.2024,0.16
09.03.2024,0.16
08.03.2024,0.16
07.03.2024,0.16
06.03.2024,0.16
05.03.2024,0.16
04.03.2024,0.16
03.03.2024,0.16
02.03.2024,0.16
01.03.2024,0.16
29.02.2024,0.16
28.02.2024,0.16
27.02.2024,0.16
26.02.2024,0.16
25.02.2024,0.16
24.02.2024,0.16
23.02.2024,0.16
22.02.2024,0.16
21.02.2024,0.16
20.02.2024,0.16
19.02.2024,0.16
18.02.2024,0.16
17.02.2024,0.16
16.02.2024,0.16
15.02.2024,0.16
14.02.2024,0.16
13.02.2024,0.16
12.02.2024,0.16
11.02.2024,0.16
10.02.2024,0.16
09.02.2024,0.16
08.02.2024,0.16
07.02.2024,0.16
06.02.2024,0.16
05.02.2024,0.16
04.02.2024,0.16
03.02.2024,0.16
02.02.2024,0.16
01.02.2024,0.16
31.01.2024,0.16
30.01.2024,0.16
29.01.2024,0.16
28.01.2024,0.16
27.01.2024,0.16
26.01.2024,0.16
25.01.2024,0.16
24.01.2024,0.16
23.01.2024,0.16
22.01.2024,0.16
21.01.2024,0.16
20.01.2024,0.16
19.01.2024,0.16
18.01.2024,0.16
17.01.2024,0.16
16.01.2024,0.16
15.01.2024,0.16
14.01.2024,0.16
13.01.2024,0.16
12.01.2024,0.16
11.01.2024,0.16
10.01.2024,0.16
09.01.2024,0.16
08.01.2024,0.16
07.01.2024,0.16
06.01.2024,0.16
05.01.2024,0.16
04.01.2024,0.16
03.01.2024,0.16
02.01.2024,0.16
01.01.2024,0.16
31.12.2023,0.16
30.12.2023,0.16
29.12.2023,0.16
28.12.2023,0.16
27.12.2023,0.16
26.12.2023,0.16
25.12.2023,0.16
24.12.2023,0.16
23.12.2023,0.16
22.12.2023,0.16
21.12.2023,0.16
20.12.2023,0.16
19.12.2023,0.16
18.12.2023,0.16
17.12.2023,0.15
16.12.2023,0.15
15.12.2023,0.15
14.12.2023,0.15
13.12.2023,0.15
12.12.2023,0.15
11.12.2023,0.15
10.12.2023,0.15
09.12.2023,0.15
08.12.2023,0.15
07.12.2023,0.15
06.12.2023,0.15
05.12.2023,0.15
04.12.2023,0.15
03.12.2023,0.15
02.12.2023,0.15
01.12.2023,0.15
30.11.2023,0.15
29.11.2023,0.15
28.11.2023,0.15
27.11.2023,0.15
26.11.2023,0.15
25.11.2023,0.15
24.11.2023,0.15
23.11.2023,0.15
22.11.2023,0.15
21.11.2023,0.15
20.11.2023,0.15
19.11.2023,0.15
18.11.2023,0.15
17.11.2023,0.15
16.11.2023,0.15
15.11.2023,0.15
14.11.2023,0.15
13.11.2023,0.15
12.11.2023,0.15
11.11.2023,0.15
10.11.2023,0.15
09.11.2023,0.15
08.11.2023,0.15
07.11.2023,0.15
06.11.2023,0.15
05.11.2023,0.15
04.11.2023,0.15
03.11.2023,0.15
02.11.2023,0.15
01.11.2023,0.15
31.10.2023,0.15
30.10.2023,0.15
29.10.2023,0.13
28.10.2023,0.13
27.10.2023,0.13
26.10.2023,0.13
25.10.2023,0.13
24.10.2023,0.13
23.10.2023,0.13
22.10.2023,0.13
21.10.2023,0.13
20.10.2023,0.13
19.10.2023,0.13
18.10.2023,0.13
17.10.2023,0.13
16.10.2023,0.13
15.10.2023,0.13
14.10.2023,0.13
13.10.2023,0.13
12.10.2023,0.13
11.10.2023,0.13
10.10.2023,0.13
09.10.2023,0.13
08.10.2023,0.13
07.10.2023,0.13
06.10.2023,0.13
05.10.2023,0.13
04.10.2023,0.13
03.10.2023,0.13
02.10.2023,0.13
01.10.2023,0.13
30.09.2023,0.13
29.09.2023,0.13
28.09.2023,0.13
27.09.2023,0.13
26.09.2023,0.13
25.09.2023,0.13
24.09.2023,0.13
23.09.2023,0.13
22.09.2023,0.13
21.09.2023,0.13
20.09.2023,0.13
19.09.2023,0.13
18.09.2023,0.13
17.09.2023,0.12
16.09.2023,0.12
15.09.2023,0.12
14.09.2023,0.12
13.09.2023,0.12
12.09.2023,0.12
11.09.2023,0.12
10.09.2023,0.12
09.09.2023,0.12
08.09.2023,0.12
07.09.2023,0.12
06.09.2023,0.12
05.09.2023,0.12
04.09.2023,0.12
03.09.2023,0.12
02.09.2023,0.12
01.09.2023,0.12
31.08.2023,0.12
30.08.2023,0.12
29.08.2023,0.12
28.08.2023,0.12
27.08.2023,0.12
26.08.2023,0.12
25.08.2023,0.12
24.08.2023,0.12
23.08.2023,0.12
22.08.2023,0.12
21.08.2023,0.12
20.08.2023,0.12
19.08.2023,0.12
18.08.2023,0.12
17.08.2023,0.12
16.08.2023,0.12
15.08.2023,0.12
14.08.2023,0.085
13.08.2023,0.085
12.08.2023,0.085
11.08.2023,0.085
10.08.2023,0.085
09.08.2023,0.085
08.08.2023,0.085
07.08.2023,0.085
06.08.2023,0.085
05.08.2023,0.085
04.08.2023,0.085
03.08.2023,0.085
02.08.2023,0.085
01.08.2023,0.085
31.07.2023,0.085
30.07.2023,0.085
29.07.2023,0.085
28.07.2023,0.085
27.07.2023,0.085
26.07.2023,0.085
25.07.2023,0.085
24.07.2023,0.085
23.07.2023,0.075
22.07.2023,0.075
21.07.2023,0.075
20.07.2023,0.075
19.07.2023,0.075
18.07.2023,0.075
17.07.2023,0.075
16.07.2023,0.075
15.07.2023,0.075
14.07.2023,0.075
13.07.2023,0.075
12.07.2023,0.075
11.07.2023,0.075
10.07.2023,0.075
09.07.2023,0.075
08.07.2023,0.075
07.07.2023,0.075
06.07.2023,0.075
05.07.2023,0.075
04.07.2023,0.075
03.07.2023,0.075
02.07.2023,0.075
01.07.2023,0.075
30.06.2023,0.075
29.06.2023,0.075
28.06.2023,0.075
27.06.2023,0.075
26.06.2023,0.075
25.06.2023,0.075
24.06.2023,0.075
23.06.2023,0.075
22.06.2023,0.075
21.06.2023,0.075
20.06.2023,0.075
19.06.2023,0.075
18.06.2023,0.075
17.06.2023,0.075
16.06.2023,0.075
15.06.2023,0.075
14.06.2023,0.075
13.06.2023,0.075
12.06.2023,0.075
11.06.2023,0.075
10.06.2023,0.075
09.06.2023,0.075
08.06.2023,0.075
07.06.2023,0.075
06.06.2023,0.075
05.06.2023,0.075
04.06.2023,0.075
03.06.2023,0.075
02.06.2023,0.075
01.06.2023,0.075
31.05.2023,0.075
30.05.2023,0.075
29.05.2023,0.075
28.05.2023,0.075
27.05.2023,0.075
26.05.2023,0.075
25.05.2023,0.075
24.05.2023,0.075
23.05.2023,0.075
22.05.2023,0.075
21.05.2023,0.075
20.05.2023,0.075
19.05.2023,0.075
18.05.2023,0.075
17.05.2023,0.075
16.05.2023,0.075
15.05.2023,0.075
14.05.2023,0.075
13.05.2023,0.075
12.05.2023,0.075
11.05.2023,0.075
10.05.2023,0.075
09.05.2023,0.075
08.05.2023,0.075
07.05.2023,0.075
06.05.2023,0.075
05.05.2023,0.075
04.05.2023,0.075
03.05.2023,0.075
02.05.2023,0.075
01.05.2023,0.075
30.04.2023,0.075
29.04.2023,0.075
28.04.2023,0.075
27.04.2023,0.075
26.04.2023,0.075
25.04.2023,0.075
24.04.2023,0.075
23.04.2023,0.075
22.04.2023,0.075
21.04.2023,0.075
20.04.2023,0.075
19.04.2023,0.075
18.04.2023,0.075
17.04.2023,0.075
16.04.2023,0.075
15.04.2023,0.075
14.04.2023,0.075
13.04.2023,0.075
12.04.2023,0.075
11.04.2023,0.075
10.04.2023,0.075
09.04.2023,0.075
08.04.2023,0.075
07.04.2023,0.075
06.04.2023,0.075
05.04.2023,0.075
04.04.2023,0.075
03.04.2023,0.075
02.04.2023,0.075
01.04.2023,0.075
31.03.2023,0.075
30.03.2023,0.075
29.03.2023,0.075
28.03.2023,0.075
27.03.2023,0.075
26.03.2023,0.075
25.03.2023,0.075
24.03.2023,0.075
23.03.2023,0.075
22.03.2023,0.075
21.03.2023,0.075
20.03.2023,0.075
19.03.2023,0.075
18.03.2023,0.075
17.03.2023,0.075
16.03.2023,0.075
15.03.2023,0.075
14.03.2023,0.075
13.03.2023,0.075
12.03.2023,0.075
11.03.2023,0.075
10.03.2023,0.075
09.03.2023,0.075
08.03.2023,0.075
07.03.2023,0.075
06.03.2023,0.075
05.03.2023,0.075
04.03.2023,0.075
03.03.2023,0.075
02.03.2023,0.075
01.03.2023,0.075
28.02.2023,0.075
27.02.2023,0.075
26.02.2023,0.075
25.02.2023,0.075
24.02.2023,0.075
23.02.2023,0.075
22.02.2023,0.075
21.02.2023,0.075
20.02.2023,0.075
19.02.2023,0.075
18.02.2023,0.075
17.02.2023,0.075
16.02.2023,0.075
15.02.2023,0.075
14.02.2023,0.075
13.02.2023,0.075
12.02.2023,0.075
11.02.2023,0.075
10.02.2023,0.075
09.02.2023,0.075
08.02.2023,0.075
07.02.2023,0.075
06.02.2023,0.075
05.02.2023,0.075
04.02.2023,0.075
03.02.2023,0.075
02.02.2023,0.075
01.02.2023,0.075
31.01.2023,0.075
30.01.2023,0.075
29.01.2023,0.075
28.01.2023,0.075
27.01.2023,0.075
26.01.2023,0.075
25.01.2023,0.075
24.01.2023,0.075
23.01.2023,0.075
22.01.2023,0.075
21.01.2023,0.075
20.01.2023,0.075
19.01.2023,0.075
18.01.2023,0.075
17.01.2023,0.075
16.01.2023,0.075
15.01.2023,0.075
14.01.2023,0.075
13.01.2023,0.075
12.01.2023,0.075
11.01.2023,0.075
10.01.2023,0.075
09.01.2023,0.075
08.01.2023,0.075
07.01.2023,0.075
06.01.2023,0.075
05.01.2023,0.075
04.01.2023,0.075
03.01.2023,0.075
02.01.2023,0.075
01.01.2023,0.075
31.12.2022,0.075
30.12.2022,0.075
29.12.2022,0.075
28.12.2022,0.075
27.12.2022,0.075
26.12.2022,0.075
25.12.2022,0.075
24.12.2022,0.075
23.12.2022,0.075
22.12.2022,0.075
21.12.2022,0.075
20.12.2022,0.075
19.12.2022,0.075
18.12.2022,0.075
17.12.2022,0.075
16.12.2022,0.075
15.12.2022,0.075
14.12.2022,0.075
13.12.2022,0.075
12.12.2022,0.075
11.12.2022,0.075
10.12.2022,0.075
09.12.2022,0.075
08.12.2022,0.075
07.12.2022,0.075
06.12.2022,0.075
05.12.2022,0.075
04.12.2022,0.075
03.12.2022,0.075
02.12.2022,0.075
01.12.2022,0.075
30.11.2022,0.075
29.11.2022,0.075
28.11.2022,0.075
27.11.2022,0.075
26.11.2022,0.075
25.11.2022,0.075
24.11.2022,0.075
23.11.2022,0.075
22.11.2022,0.075
21.11.2022,0.075
20.11.2022,0.075
19.11.2022,0.075
18.11.2022,0.075
17.11.2022,0.075
16.11.2022,0.075
15.11.2022,0.075
14.11.2022,0.075
13.11.2022,0.075
12.11.2022,0.075
11.11.2022,0.075
10.11.2022,0.075
09.11.2022,0.075
08.11.2022,0.075
07.11.2022,0.075
06.11.2022,0.075
05.11.2022,0.075
04.11.2022,0.075
03.11.2022,0.075
02.11.2022,0.075
01.11.2022,0.075
31.10.2022,0.075
30.10.2022,0.075
29.10.2022,0.075
28.10.2022,0.075
27.10.2022,0.075
26.10.2022,0.075
25.10.2022,0.075
24.10.2022,0.075
23.10.2022,0.075
22.10.2022,0.075
21.10.2022,0.075
20.10.2022,0.075
19.10.2022,0.075
18.10.2022,0.075
17.10.2022,0.075
16.10.2022,0.075
15.10.2022,0.075
14.10.2022,0.075
13.10.2022,0.075
12.10.2022,0.075
11.10.2022,0.075
10.10.2022,0.075
09.10.2022,0.075
08.10.2022,0.075
07.10.2022,0.075
06.10.2022,0.075
05.10.2022,0.075
04.10.2022,0.075
03.10.2022,0.075
02.10.2022,0.075
01.10.2022,0.075
30.09.2022,0.075
29.09.2022,0.075
28.09.2022,0.075
27.09.2022,0.075
26.09.2022,0.075
25.09.2022,0.075
24.09.2022,0.075
23.09.2022,0.075
22.09.2022,0.075
21.09.2022,0.075
20.09.2022,0.075
19.09.2022,0.075
18.09.2022,0.08
17.09.2022,0.08
16.09.2022,0.08
15.09.2022,0.08
14.09.2022,0.08
13.09.2022,0.08
12.09.2022,0.08
11.09.2022,0.08
10.09.2022,0.08
09.09.2022,0.08
08.09.2022,0.08
07.09.2022,0.08
06.09.2022,0.08
05.09.2022,0.08
04.09.2022,0.08
03.09.2022,0.08
02.09.2022,0.08
01.09.2022,0.08
31.08.2022,0.08
30.08.2022,0.08
29.08.2022,0.08
28.08.2022,0.08
27.08.2022,0.08
26.08.2022,0.08
25.08.2022,0.08
24.08.2022,0.08
23.08.2022,0.08
22.08.2022,0.08
21.08.2022,0.08
20.08.2022,0.08
19.08.2022,0.08
18.08.2022,0.08
17.08.2022,0.08
16.08.2022,0.08
15.08.2022,0.08
14.08.2022,0.08
13.08.2022,0.08
12.08.2022,0.08
11.08.2022,0.08
10.08.2022,0.08
09.08.2022,0.08
08.08.2022,0.08
07.08.2022,0.08
06.08.2022,0.08
05.08.2022,0.08
04.08.2022,0.08
03.08.2022,0.08
02.08.2022,0.08
01.08.2022,0.08
31.07.2022,0.08
30.07.2022,0.08
29.07.2022,0.08
28.07.2022,0.08
27.07.2022,0.08
26.07.2022,0.08
25.07.2022,0.08
24.07.2022,0.095
23.07.2022,0.095
22.07.2022,0.095
21.07.2022,0.095
20.07.2022,0.095
19.07.2022,0.095
18.07.2022,0.095
17.07.2022,0.095
16.07.2022,0.095
15.07.2022,0.095
14.07.2022,0.095
13.07.2022,0.095
12.07.2022,0.095
11.07.2022,0.095
10.07.2022,0.095
09.07.2022,0.095
08.07.2022,0.095
07.07.2022,0.095
06.07.2022,0.095
05.07.2022,0.095
04.07.2022,0.095
03.07.2022,0.095
02.07.2022,0.095
01.07.2022,0.095
30.06.2022,0.095
29.06.2022,0.095
28.06.2022,0.095
27.06.2022,0.095
26.06.2022,0.095
25.06.2022,0.095
24.06.2022,0.095
23.06.2022,0.095
22.06.2022,0.095
21.06.2022,0.095
20.06.2022,0.095
19.06.2022,0.095
18.06.2022,0.095
17.06.2022,0.095
16.06.2022,0.095
15.06.2022,0.095
14.06.2022,0.095
13.06.2022,0.11
12.06.2022,0.11
11.06.2022,0.11
10.06.2022,0.11
09.06.2022,0.11
08.06.2022,0.11
07.06.2022,0.11
06.06.2022,0.11
05.06.2022,0.11
04.06.2022,0.11
03.06.2022,0.11
02.06.2022,0.11
01.06.2022,0.11
31.05.2022,0.11
30.05.2022,0.11
29.05.2022,0.11
28.05.2022,0.11
27.05.2022,0.11
26.05.2022,0.14
25.05.2022,0.14
24.05.2022,0.14
23.05.2022,0.14
22.05.2022,0.14
21.05.2022,0.14
20.05.2022,0.14
19.05.2022,0.14
18.05.2022,0.14
17.05.2022,0.14
16.05.2022,0.14
15.05.2022,0.14
14.05.2022,0.14
13.05.2022,0.14
12.05.2022,0.14
11.05.2022,0.14
10.05.2022,0.14
09.05.2022,0.14
08.05.2022,0.14
07.05.2022,0.14
06.05.2022,0.14
05.05.2022,0.14
04.05.2022,0.14
03.05.2022,0.17
02.05.2022,0.17
01.05.2022,0.17
30.04.2022,0.17
29.04.2022,0.17
28.04.2022,0.17
27.04.2022,0.17
26.04.2022,0.17
25.04.2022,0.17
24.04.2022,0.17
23.04.2022,0.17
22.04.2022,0.17
21.04.2022,0.17
20.04.2022,0.17
19.04.2022,0.17
18.04.2022,0.17
17.04.2022,0.17
16.04.2022,0.17
15.04.2022,0.17
14.04.2022,0.17
13.04.2022,0.17
12.04.2022,0.17
11.04.2022,0.17
10.04.2022,0.2
09.04.2022,0.2
08.04.2022,0.2
07.04.2022,0.2
06.04.2022,0.2
05.04.2022,0.2
04.04.2022,0.2
03.04.2022,0.2
02.04.2022,0.2
01.04.2022,0.2
31.03.2022,0.2
30.03.2022,0.2
29.03.2022,0.2
28.03.2022,0.2
27.03.2022,0.2
26.03.2022,0.2
25.03.2022,0.2
24.03.2022,0.2
23.03.2022,0.2
22.03.2022,0.2
21.03.2022,0.2
20.03.2022,0.2
19.03.2022,0.2
18.03.2022,0.2
17.03.2022,0.2
16.03.2022,0.2
15.03.2022,0.2
14.03.2022,0.2
13.03.2022,0.2
12.03.2022,0.2
11.03.2022,0.2
10.03.2022,0.2
09.03.2022,0.2
08.03.2022,0.2
07.03.2022,0.2
06.03.2022,0.2
05.03.2022,0.2
04.03.2022,0.2
03.03.2022,0.2
02.03.2022,0.2
01.03.2022,0.2
28.02.2022,0.2
27.02.2022,0.095
26.02.2022,0.095
25.02.2022,0.095
24.02.2022,0.095
23.02.2022,0.095
22.02.2022,0.095
21.02.2022,0.095
20.02.2022,0.095
19.02.2022,0.095
18.02.2022,0.095
17.02.2022,0.095
16.02.2022,0.095
15.02.2022,0.095
14.02.2022,0.095
13.02.2022,0.085
12.02.2022,0.085
11.02.2022,0.085
10.02.2022,0.085
09.02.2022,0.085
08.02.2022,0.085
07.02.2022,0.085
06.02.2022,0.085
05.02.2022,0.085
04.02.2022,0.085
03.02.2022,0.085
02.02.2022,0.085
01.02.2022,0.085
31.01.2022,0.085
30.01.2022,0.085
29.01.2022,0.085
28.01.2022,0.085
27.01.2022,0.085
26.01.2022,0.085
25.01.2022,0.085
24.01.2022,0.085
23.01.2022,0.085
22.01.2022,0.085
21.01.2022,0.085
20.01.2022,0.085
19.01.2022,0.085
18.01.2022,0.085
17.01.2022,0.085
16.01.2022,0.085
15.01.2022,0.085
14.01.2022,0.085
13.01.2022,0.085
12.01.2022,0.085
11.01.2022,0.085
10.01.2022,0.085
09.01.2022,0.085
08.01.2022,0.085
07.01.2022,0.085
06.01.2022,0.085
05.01.2022,0.085
04.01.2022,0.085
03.01.2022,0.085
02.01.2022,0.085
01.01.2022,0.085
31.12.2021,0.085
30.12.2021,0.085
29.12.2021,0.085
28.12.2021,0.085
27.12.2021,0.085
26.12.2021,0.085
25.12.2021,0.085
24.12.2021,0.085
23.12.2021,0.085
22.12.2021,0.085
21.12.2021,0.085
20.12.2021,0.085
19.12.2021,0.075
18.12.2021,0.075
17.12.2021,0.075
16.12.2021,0.075
15.12.2021,0.075
14.12.2021,0.075
13.12.2021,0.075
12.12.2021,0.075
11.12.2021,0.075
10.12.2021,0.075
09.12.2021,0.075
08.12.2021,0.075
07.12.2021,0.075
06.12.2021,0.075
05.12.2021,0.075
04.12.2021,0.075
03.12.2021,0.075
02.12.2021,0.075
01.12.2021,0.075
30.11.2021,0.075
29.11.2021,0.075
28.11.2021,0.075
27.11.2021,0.075
26.11.2021,0.075
25.11.2021,0.075
24.11.2021,0.075
23.11.2021,0.075
22.11.2021,0.075
21.11.2021,0.075
20.11.2021,0.075
19.11.2021,0.075
18.11.2021,0.075
17.11.2021,0.075
16.11.2021,0.075
15.11.2021,0.075
14.11.2021,0.075
13.11.2021,0.075
12.11.2021,0.075
11.11.2021,0.075
10.11.2021,0.075
09.11.2021,0.075
08.11.2021,0.075
07.11.2021,0.075
06.11.2021,0.075
05.11.2021,0.075
04.11.2021,0.075
03.11.2021,0.075
02.11.2021,0.075
01.11.2021,0.075
31.10.2021,0.075
30.10.2021,0.075
29.10.2021,0.075
28.10.2021,0.075
27.10.2021,0.075
26.10.2021,0.075
25.10.2021,0.075
24.10.2021,0.0675
23.10.2021,0.0675
22.10.2021,0.0675
21.10.2021,0.0675
20.10.2021,0.0675
19.10.2021,0.0675
18.10.2021,0.0675
17.10.2021,0.0675
16.10.2021,0.0675
15.10.2021,0.0675
14.10.2021,0.0675
13.10.2021,0.0675
12.10.2021,0.0675
11.10.2021,0.0675
10.10.2021,0.0675
09.10.2021,0.0675
08.10.2021,0.0675
07.10.2021,0.0675
06.10.2021,0.0675
05.10.2021,0.0675
04.10.2021,0.0675
03.10.2021,0.0675
02.10.2021,0.0675
01.10.2021,0.0675
30.09.2021,0.0675
29.09.2021,0.0675
28.09.2021,0.0675
27.09.2021,0.0675
26.09.2021,0.0675
25.09.2021,0.0675
24.09.2021,0.0675
23.09.2021,0.0675
22.09.2021,0.0675
21.09.2021,0.0675
20.09.2021,0.0675
19.09.2021,0.0675
18.09.2021,0.0675
17.09.2021,0.0675
16.09.2021,0.0675
15.09.2021,0.0675
14.09.2021,0.0675
13.09.2021,0.0675
12.09.2021,0.065
11.09.2021,0.065
10.09.2021,0.065
09.09.2021,0.065
08.09.2021,0.065
07.09.2021,0.065
06.09.2021,0.065
05.09.2021,0.065
04.09.2021,0.065
03.09.2021,0.065
02.09.2021,0.065
01.09.2021,0.065
31.08.2021,0.065
30.08.2021,0.065
29.08.2021,0.065
28.08.2021,0.065
27.08.2021,0.065
26.08.2021,0.065
25.08.2021,0.065
24.08.2021,0.065
23.08.2021,0.065
22.08.2021,0.065
21.08.2021,0.065
20.08.2021,0.065
19.08.2021,0.065
18.08.2021,0.065
17.08.2021,0.065
16.08.2021,0.065
15.08.2021,0.065
14.08.2021,0.065
13.08.2021,0.065
12.08.2021,0.065
11.08.2021,0.065
10.08.2021,0.065
09.08.2021,0.065
08.08.2021,0.065
07.08.2021,0.065
06.08.2021,0.065
05.08.2021,0.065
04.08.2021,0.065
03.08.2021,0.065
02.08.2021,0.065
01.08.2021,0.065
31.07.2021,0.065
30.07.2021,0.065
29.07.2021,0.065
28.07.2021,0.065
27.07.2021,0.065
26.07.2021,0.065
25.07.2021,0.055
24.07.2021,0.055
23.07.2021,0.055
22.07.2021,0.055
21.07.2021,0.055
20.07.2021,0.055
19.07.2021,0.055
18.07.2021,0.055
17.07.2021,0.055
16.07.2021,0.055
15.07.2021,0.055
14.07.2021,0.055
13.07.2021,0.055
12.07.2021,0.055
11.07.2021,0.055
10.07.2021,0.055
09.07.2021,0.055
08.07.2021,0.055
07.07.2021,0.055
06.07.2021,0.055
05.07.2021,0.055
04.07.2021,0.055
03.07.2021,0.055
02.07.2021,0.055
01.07.2021,0.055
30.06.2021,0.055
29.06.2021,0.055
28.06.2021,0.055
27.06.2021,0.055
26.06.2021,0.055
25.06.2021,0.055
24.06.2021,0.055
23.06.2021,0.055
22.06.2021,0.055
21.06.2021,0.055
20.06.2021,0.055
19.06.2021,0.055
18.06.2021,0.055
17.06.2021,0.055
16.06.2021,0.055
15.06.2021,0.055
14.06.2021,0.05
13.06.2021,0.05
12.06.2021,0.05
11.06.2021,0.05
10.06.2021,0.05
09.06.2021,0.05
08.06.2021,0.05
07.06.2021,0.05
06.06.2021,0.05
05.06.2021,0.05
04.06.2021,0.05
03.06.2021,0.05
02.06.2021,0.05
01.06.2021,0.05
31.05.2021,0.05
30.05.2021,0.05
29.05.2021,0.05
28.05.2021,0.05
27.05.2021,0.05
26.05.2021,0.05
25.05.2021,0.05
24.05.2021,0.05
23.05.2021,0.05
22.05.2021,0.05
21.05.2021,0.05
20.05.2021,0.05
19.05.2021,0.05
18.05.2021,0.05
17.05.2021,0.05
16.05.2021,0.05
15.05.2021,0.05
14.05.2021,0.05
13.05.2021,0.05
12.05.2021,0.05
11.05.2021,0.05
10.05.2021,0.05
09.05.2021,0.05
08.05.2021,0.05
07.05.2021,0.05
06.05.2021,0.05
05.05.2021,0.05
04.05.2021,0.05
03.05.2021,0.05
02.05.2021,0.05
01.05.2021,0.05
30.04.2021,0.05
29.04.2021,0.05
28.04.2021,0.05
27.04.2021,0.05
26.04.2021,0.05
25.04.2021,0.045
24.04.2021,0.045
23.04.2021,0.045
22.04.2021,0.045
21.04.2021,0.045
20.04.2021,0.045
19.04.2021,0.045
18.04.2021,0.045
17.04.2021,0.045
16.04.2021,0.045
15.04.2021,0.045
14.04.2021,0.045
13.04.2021,0.045
12.04.2021,0.045
11.04.2021,0.045
10.04.2021,0.045
09.04.2021,0.045
08.04.2021,0.045
07.04.2021,0.045
06.04.2021,0.045
05.04.2021,0.045
04.04.2021,0.045
03.04.2021,0.045
02.04.2021,0.045
01.04.2021,0.045
31.03.2021,0.045
30.03.2021,0.045
29.03.2021,0.045
28.03.2021,0.045
27.03.2021,0.045
26.03.2021,0.045
25.03.2021,0.045
24.03.2021,0.045
23.03.2021,0.045
22.03.2021,0.045
21.03.2021,0.0425
20.03.2021,0.0425
19.03.2021,0.0425
18.03.2021,0.0425
17.03.2021,0.0425
16.03.2021,0.0425
15.03.2021,0.0425
14.03.2021,0.0425
13.03.2021,0.0425
12.03.2021,0.0425
11.03.2021,0.0425
10.03.2021,0.0425
09.03.2021,0.0425
08.03.2021,0.0425
07.03.2021,0.0425
06.03.2021,0.0425
05.03.2021,0.0425
04.03.2021,0.0425
03.03.2021,0.0425
02.03.2021,0.0425
01.03.2021,0.0425
28.02.2021,0.0425
27.02.2021,0.0425
26.02.2021,0.0425
25.02.2021,0.0425
24.02.2021,0.0425
23.02.2021,0.0425
22.02.2021,0.0425
21.02.2021,0.0425
20.02.2021,0.0425
19.02.2021,0.0425
18.02.2021,0.0425
17.02.2021,0.0425
16.02.2021,0.0425
15.02.2021,0.0425
14.02.2021,0.0425
13.02.2021,0.0425
12.02.2021,0.0425
11.02.2021,0.0425
10.02.2021,0.0425
09.02.2021,0.0425
08.02.2021,0.0425
07.02.2021,0.0425
06.02.2021,0.0425
05.02.2021,0.0425
04.02.2021,0.0425
03.02.2021,0.0425
02.02.2021,0.0425
01.02.2021,0.0425
31.01.2021,0.0425
30.01.2021,0.0425
29.01.2021,0.0425
28.01.2021,0.0425
27.01.2021,0.0425
26.01.2021,0.0425
25.01.2021,0.0425
24.01.2021,0.0425
23.01.2021,0.0425
22.01.2021,0.0425
21.01.2021,0.0425
20.01.2021,0.0425
19.01.2021,0.0425
18.01.2021,0.0425
17.01.2021,0.0425
16.01.2021,0.0425
15.01.2021,0.0425
14.01.2021,0.0425
13.01.2021,0.0425
12.01.2021,0.0425
11.01.2021,0.0425
10.01.2021,0.0425
09.01.2021,0.0425
08.01.2021,0.0425
07.01.2021,0.0425
06.01.2021,0.0425
05.01.2021,0.0425
04.01.2021,0.0425
03.01.2021,0.0425
02.01.2021,0.0425
01.01.2021,0.0425
31.12.2020,0.0425
30.12.2020,0.0425
29.12.2020,0.0425
28.12.2020,0.0425
27.12.2020,0.0425
26.12.2020,0.0425
25.12.2020,0.0425
24.12.2020,0.0425
23.12.2020,0.0425
22.12.2020,0.0425
21.12.2020,0.0425
20.12.2020,0.0425
19.12.2020,0.0425
18.12.2020,0.0425
17.12.2020,0.0425
16.12.2020,0.0425
15.12.2020,0.0425
14.12.2020,0.0425
13.12.2020,0.0425
12.12.2020,0.0425
11.12.2020,0.0425
10.12.2020,0.0425
09.12.2020,0.0425
08.12.2020,0.0425
07.12.2020,0.0425
06.12.2020,0.0425
05.12.2020,0.0425
04.12.2020,0.0425
03.12.2020,0.0425
02.12.2020,0.0425
01.12.2020,0.0425
30.11.2020,0.0425
29.11.2020,0.0425
28.11.2020,0.0425
27.11.2020,0.0425
26.11.2020,0.0425
25.11.2020,0.0425
24.11.2020,0.0425
23.11.2020,0.0425
22.11.2020,0.0425
21.11.2020,0.0425
20.11.2020,0.0425
19.11.2020,0.0425
18.11.2020,0.0425
17.11.2020,0.0425
16.11.2020,0.0425
15.11.2020,0.0425
14.11.2020,0.0425
13.11.2020,0.0425
12.11.2020,0.0425
11.11.2020,0.0425
10.11.2020,0.0425
09.11.2020,0.0425
08.11.2020,0.0425
07.11.2020,0.0425
06.11.2020,0.0425
05.11.2020,0.0425
04.11.2020,0.0425
03.11.2020,0.0425
02.11.2020,0.0425
01.11.2020,0.0425
31.10.2020,0.0425
30.10.2020,0.0425
29.10.2020,0.0425
28.10.2020,0.0425
27.10.2020,0.0425
26.10.2020,0.0425
25.10.2020,0.0425
24.10.2020,0.0425
23.10.2020,0.0425
22.10.2020,0.0425
21.10.2020,0.0425
20.10.2020,0.0425
19.10.2020,0.0425
18.10.2020,0.0425
17.10.2020,0.0425
16.10.2020,0.0425
15.10.2020,0.0425
14.10.2020,0.0425
13.10.2020,0.0425
12.10.2020,0.0425
11.10.2020,0.0425
10.10.2020,0.0425
09.10.2020,0.0425
08.10.2020,0.0425
07.10.2020,0.0425
06.10.2020,0.0425
05.10.2020,0.0425
04.10.2020,0.0425
03.10.2020,0.0425
02.10.2020,0.0425
01.10.2020,0.0425
30.09.2020,0.0425
29.09.2020,0.0425
28.09.2020,0.0425
27.09.2020,0.0425
26.09.2020,0.0425
25.09.2020,0.0425
24.09.2020,0.0425
23.09.2020,0.0425
22.09.2020,0.0425
21.09.2020,0.0425
20.09.2020,0.0425
19.09.2020,0.0425
18.09.2020,0.0425
17.09.2020,0.0425
16.09.2020,0.0425
15.09.2020,0.0425
14.09.2020,0.0425
13.09.2020,0.0425
12.09.2020,0.0425
11.09.2020,0.0425
10.09.2020,0.0425
09.09.2020,0.0425
08.09.2020,0.0425
07.09.2020,0.0425
06.09.2020,0.0425
05.09.2020,0.0425
04.09.2020,0.0425
03.09.2020,0.0425
02.09.2020,0.0425
01.09.2020,0.0425
31.08.2020,0.0425
30.08.2020,0.0425
29.08.2020,0.0425
28.08.2020,0.0425
27.08.2020,0.0425
26.08.2020,0.0425
25.08.2020,0.0425
24.08.2020,0.0425
23.08.2020,0.0425
22.08.2020,0.0425
21.08.2020,0.0425
20.08.2020,0.0425
19.08.2020,0.0425
18.08.2020,0.0425
17.08.2020,0.0425
16.08.2020,0.0425
15.08.2020,0.0425
14.08.2020,0.0425
13.08.2020,0.0425
12.08.2020,0.0425
11.08.2020,0.0425
10.08.2020,0.0425
09.08.2020,0.0425
08.08.2020,0.0425
07.08.2020,0.0425
06.08.2020,0.0425
05.08.2020,0.0425
04.08.2020,0.0425
03.08.2020,0.0425
02.08.2020,0.0425
01.08.2020,0.0425
31.07.2020,0.0425
30.07.2020,0.0425
29.07.2020,0.0425
28.07.2020,0.0425
27.07.2020,0.0425
26.07.2020,0.045
25.07.2020,0.045
24.07.2020,0.045
23.07.2020,0.045
22.07.2020,0.045
21.07.2020,0.045
20.07.2020,0.045
19.07.2020,0.045
18.07.2020,0.045
17.07.2020,0.045
16.07.2020,0.045
15.07.2020,0.045
14.07.2020,0.045
13.07.2020,0.045
12.07.2020,0.045
11.07.2020,0.045
10.07.2020,0.045
09.07.2020,0.045
08.07.2020,0.045
07.07.2020,0.045
06.07.2020,0.045
05.07.2020,0.045
04.07.2020,0.045
03.07.2020,0.045
02.07.2020,0.045
01.07.2020,0.045
30.06.2020,0.045
29.06.2020,0.045
28.06.2020,0.045
27.06.2020,0.045
26.06.2020,0.045
25.06.2020,0.045
24.06.2020,0.045
23.06.2020,0.045
22.06.2020,0.045
21.06.2020,0.055
20.06.2020,0.055
19.06.2020,0.055
18.06.2020,0.055
17.06.2020,0.055
16.06.2020,0.055
15.06.2020,0.055
14.06.2020,0.055
13.06.2020,0.055
12.06.2020,0.055
11.06.2020,0.055
10.06.2020,0.055
09.06.2020,0.055
08.06.2020,0.055
07.06.2020,0.055
06.06.2020,0.055
05.06.2020,0.055
04.06.2020,0.055
03.06.2020,0.055
02.06.2020,0.055
01.06.2020,0.055
31.05.2020,0.055
30.05.2020,0.055
29.05.2020,0.055
28.05.2020,0.055
27.05.2020,0.055
26.05.2020,0.055
25.05.2020,0.055
24.05.2020,0.055
23.05.2020,0.055
22.05.2020,0.055
21.05.2020,0.055
20.05.2020,0.055
19.05.2020,0.055
18.05.2020,0.055
17.05.2020,0.055
16.05.2020,0.055
15.05.2020,0.055
14.05.2020,0.055
13.05.2020,0.055
12.05.2020,0.055
11.05.2020,0.055
10.05.2020,0.055
09.05.2020,0.055
08.05.2020,0.055
07.05.2020,0.055
06.05.2020,0.055
05.05.2020,0.055
04.05.2020,0.055
03.05.2020,0.055
02.05.2020,0.055
01.05.2020,0.055
30.04.2020,0.055
29.04.2020,0.055
28.04.2020,0.055
27.04.2020,0.055
26.04.2020,0.06
25.04.2020,0.06
24.04.2020,0.06
23.04.2020,0.06
22.04.2020,0.06
21.04.2020,0.06
20.04.2020,0.06
19.04.2020,0.06
18.04.2020,0.06
17.04.2020,0.06
16.04.2020,0.06
15.04.2020,0.06
14.04.2020,0.06
13.04.2020,0.06
12.04.2020,0.06
11.04.2020,0.06
10.04.2020,0.06
09.04.2020,0.06
08.04.2020,0.06
07.04.2020,0.06
06.04.2020,0.06
05.04.2020,0.06
04.04.2020,0.06
03.04.2020,0.06
02.04.2020,0.06
01.04.2020,0.06
31.03.2020,0.06
30.03.2020,0.06
29.03.2020,0.06
28.03.2020,0.06
27.03.2020,0.06
26.03.2020,0.06
25.03.2020,0.06
24.03.2020,0.06
23.03.2020,0.06
22.03.2020,0.06
21.03.2020,0.06
20.03.2020,0.06
19.03.2020,0.06
18.03.2020,0.06
17.03.2020,0.06
16.03.2020,0.06
15.03.2020,0.06
14.03.2020,0.06
13.03.2020,0.06
12.03.2020,0.06
11.03.2020,0.06
10.03.2020,0.06
09.03.2020,0.06
08.03.2020,0.06
07.03.2020,0.06
06.03.2020,0.06
05.03.2020,0.06
04.03.2020,0.06
03.03.2020,0.06
02.03.2020,0.06
01.03.2020,0.06
29.02.2020,0.06
28.02.2020,0.06
27.02.2020,0.06
26.02.2020,0.06
25.02.2020,0.06
24.02.2020,0.06
23.02.2020,0.06
22.02.2020,0.06
21.02.2020,0.06
20.02.2020,0.06
19.02.2020,0.06
18.02.2020,0.06
17.02.2020,0.06
16.02.2020,0.06
15.02.2020,0.06
14.02.2020,0.06
13.02.2020,0.06
12.02.2020,0.06
11.02.2020,0.06
10.02.2020,0.06
09.02.2020,0.0625
08.02.2020,0.0625
07.02.2020,0.0625
06.02.2020,0.0625
05.02.2020,0.0625
04.02.2020,0.0625
03.02.2020,0.0625
02.02.2020,0.0625
01.02.2020,0.0625
31.01.2020,0.0625
30.01.2020,0.0625
29.01.2020,0.0625
28.01.2020,0.0625
27.01.2020,0.0625
26.01.2020,0.0625
25.01.2020,0.0625
24.01.2020,0.0625
23.01.2020,0.0625
22.01.2020,0.0625
21.01.2020,0.0625
20.01.2020,0.0625
19.01.2020,0.0625
18.01.2020,0.0625
17.01.2020,0.0625
16.01.2020,0.0625
15.01.2020,0.0625
14.01.2020,0.0625
13.01.2020,0.0625
12.01.2020,0.0625
11.01.2020,0.0625
10.01.2020,0.0625
09.01.2020,0.0625
08.01.2020,0.0625
07.01.2020,0.0625
06.01.2020,0.0625
05.01.2020,0.0625
04.01.2020,0.0625
03.01.2020,0.0625
02.01.2020,0.0625
01.01.2020,0.0625
31.12.2019,0.0625
30.12.2019,0.0625
29.12.2019,0.0625
28.12.2019,0.0625
27.12.2019,0.0625
26.12.2019,0.0625
25.12.2019,0.0625
24.12.2019,0.0625
23.12.2019,0.0625
22.12.2019,0.0625
21.12.2019,0.0625
20.12.2019,0.0625
19.12.2019,0.0625
18.12.2019,0.0625
17.12.2019,0.0625
16.12.2019,0.0625
15.12.2019,0.065
14.12.2019,0.065
13.12.2019,0.065
12.12.2019,0.065
11.12.2019,0.065
10.12.2019,0.065
09.12.2019,0.065
08.12.2019,0.065
07.12.2019,0.065
06.12.2019,0.065
05.12.2019,0.065
04.12.2019,0.065
03.12.2019,0.065
02.12.2019,0.065
01.12.2019,0.065
30.11.2019,0.065
29.11.2019,0.065
28.11.2019,0.065
27.11.2019,0.065
26.11.2019,0.065
25.11.2019,0.065
24.11.2019,0.065
23.11.2019,0.065
22.11.2019,0.065
21.11.2019,0.065
20.11.2019,0.065
19.11.2019,0.065
18.11.2019,0.065
17.11.2019,0.065
16.11.2019,0.065
15.11.2019,0.065
14.11.2019,0.065
13.11.2019,0.065
12.11.2019,0.065
11.11.2019,0.065
10.11.2019,0.065
09.11.2019,0.065
08.11.2019,0.065
07.11.2019,0.065
06.11.2019,0.065
05.11.2019,0.065
04.11.2019,0.065
03.11.2019,0.065
02.11.2019,0.065
01.11.2019,0.065
31.10.2019,0.065
30.10.2019,0.065
29.10.2019,0.065
28.10.2019,0.065
27.10.2019,0.07
26.10.2019,0.07
25.10.2019,0.07
24.10.2019,0.07
23.10.2019,0.07
22.10.2019,0.07
21.10.2019,0.07
20.10.2019,0.07
19.10.2019,0.07
18.10.2019,0.07
17.10.2019,0.07
16.10.2019,0.07
15.10.2019,0.07
14.10.2019,0.07
13.10.2019,0.07
12.10.2019,0.07
11.10.2019,0.07
10.10.2019,0.07
09.10.2019,0.07
08.10.2019,0.07
07.10.2019,0.07
06.10.2019,0.07
05.10.2019,0.07
04.10.2019,0.07
03.10.2019,0.07
02.10.2019,0.07
01.10.2019,0.07
30.09.2019,0.07
29.09.2019,0.07
28.09.2019,0.07
27.09.2019,0.07
26.09.2019,0.07
25.09.2019,0.07
24.09.2019,0.07
23.09.2019,0.07
22.09.2019,0.07
21.09.2019,0.07
20.09.2019,0.07
19.09.2019,0.07
18.09.2019,0.07
17.09.2019,0.07
16.09.2019,0.07
15.09.2019,0.07
14.09.2019,0.07
13.09.2019,0.07
12.09.2019,0.07
11.09.2019,0.07
10.09.2019,0.07
09.09.2019,0.07
08.09.2019,0.0725
07.09.2019,0.0725
06.09.2019,0.0725
05.09.2019,0.0725
04.09.2019,0.0725
03.09.2019,0.0725
02.09.2019,0.0725
01.09.2019,0.0725
31.08.2019,0.0725
30.08.2019,0.0725
29.08.2019,0.0725
28.08.2019,0.0725
27.08.2019,0.0725
26.08.2019,0.0725
25.08.2019,0.0725
24.08.2019,0.0725
23.08.2019,0.0725
22.08.2019,0.0725
21.08.2019,0.0725
20.08.2019,0.0725
19.08.2019,0.0725
18.08.2019,0.0725
17.08.2019,0.0725
16.08.2019,0.0725
15.08.2019,0.0725
14.08.2019,0.0725
13.08.2019,0.0725
12.08.2019,0.0725
11.08.2019,0.0725
10.08.2019,0.0725
09.08.2019,0.0725
08.08.2019,0.0725
07.08.2019,0.0725
06.08.2019,0.0725
05.08.2019,0.0725
04.08.2019,0.0725
03.08.2019,0.0725
02.08.2019,0.0725
01.08.2019,0.0725
31.07.2019,0.0725
30.07.2019,0.0725
29.07.2019,0.0725
28.07.2019,0.075
27.07.2019,0.075
26.07.2019,0.075
25.07.2019,0.075
24.07.2019,0.075
23.07.2019,0.075
22.07.2019,0.075
21.07.2019,0.075
20.07.2019,0.075
19.07.2019,0.075
18.07.2019,0.075
17.07.2019,0.075
16.07.2019,0.075
15.07.2019,0.075
14.07.2019,0.075
13.07.2019,0.075
12.07.2019,0.075
11.07.2019,0.075
10.07.2019,0.075
09.07.2019,0.075
08.07.2019,0.075
07.07.2019,0.075
06.07.2019,0.075
05.07.2019,0.075
04.07.2019,0.075
03.07.2019,0.075
02.07.2019,0.075
01.07.2019,0.075
30.06.2019,0.075
29.06.2019,0.075
28.06.2019,0.075
27.06.2019,0.075
26.06.2019,0.075
25.06.2019,0.075
24.06.2019,0.075
23.06.2019,0.075
22.06.2019,0.075
21.06.2019,0.075
20.06.2019,0.075
19.06.2019,0.075
18.06.2019,0.075
17.06.2019,0.075
16.06.2019,0.0775
15.06.2019,0.0775
14.06.2019,0.0775
13.06.2019,0.0775
12.06.2019,0.0775
11.06.2019,0.0775
10.06.2019,0.0775
09.06.2019,0.0775
08.06.2019,0.0775
07.06.2019,0.0775
06.06.2019,0.0775
05.06.2019,0.0775
04.06.2019,0.0775
03.06.2019,0.0775
02.06.2019,0.0775
01.06.2019,0.0775
31.05.2019,0.0775
30.05.2019,0.0775
29.05.2019,0.0775
28.05.2019,0.0775
27.05.2019,0.0775
26.05.2019,0.0775
25.05.2019,0.0775
24.05.2019,0.0775
23.05.2019,0.0775
22.05.2019,0.0775
21.05.2019,0.0775
20.05.2019,0.0775
19.05.2019,0.0775
18.05.2019,0.0775
17.05.2019,0.0775
16.05.2019,0.0775
15.05.2019,0.0775
14.05.2019,0.0775
13.05.2019,0.0775
12.05.2019,0.0775
11.05.2019,0.0775
10.05.2019,0.0775
09.05.2019,0.0775
08.05.2019,0.0775
07.05.2019,0.0775
06.05.2019,0.0775
05.05.2019,0.0775
04.05.2019,0.0775
03.05.2019,0.0775
02.05.2019,0.0775
01.05.2019,0.0775
30.04.2019,0.0775
29.04.2019,0.0775
28.04.2019,0.0775
27.04.2019,0.0775
26.04.2019,0.0775
25.04.2019,0.0775
24.04.2019,0.0775
23.04.2019,0.0775
22.04.2019,0.0775
21.04.2019,0.0775
20.04.2019,0.0775
19.04.2019,0.0775
18.04.2019,0.0775
17.04.2019,0.0775
16.04.2019,0.0775
15.04.2019,0.0775
14.04.2019,0.0775
13.04.2019,0.0775
12.04.2019,0.0775
11.04.2019,0.0775
10.04.2019,0.0775
09.04.2019,0.0775
08.04.2019,0.0775
07.04.2019,0.0775
06.04.2019,0.0775
05.04.2019,0.0775
04.04.2019,0.0775
03.04.2019,0.0775
02.04.2019,0.0775
01.04.2019,0.0775
31.03.2019,0.0775
30.03.2019,0.0775
29.03.2019,0.0775
28.03.2019,0.0775
27.03.2019,0.0775
26.03.2019,0.0775
25.03.2019,0.0775
24.03.2019,0.0775
23.03.2019,0.0775
22.03.2019,0.0775
21.03.2019,0.0775
20.03.2019,0.0775
19.03.2019,0.0775
18.03.2019,0.0775
17.03.2019,0.0775
16.03.2019,0.0775
15.03.2019,0.0775
14.03.2019,0.0775
13.03.2019,0.0775
12.03.2019,0.0775
11.03.2019,0.0775
10.03.2019,0.0775
09.03.2019,0.0775
08.03.2019,0.0775
07.03.2019,0.0775
06.03.2019,0.0775
05.03.2019,0.0775
04.03.2019,0.0775
03.03.2019,0.0775
02.03.2019,0.0775
01.03.2019,0.0775
28.02.2019,0.0775
27.02.2019,0.0775
26.02.2019,0.0775
25.02.2019,0.0775
24.02.2019,0.0775
23.02.2019,0.0775
22.02.2019,0.0775
21.02.2019,0.0775
20.02.2019,0.0775
19.02.2019,0.0775
18.02.2019,0.0775
17.02.2019,0.0775
16.02.2019,0.0775
15.02.2019,0.0775
14.02.2019,0.0775
13.02.2019,0.0775
12.02.2019,0.0775
11.02.2019,0.0775
10.02.2019,0.0775
09.02.2019,0.0775
08.02.2019,0.0775
07.02.2019,0.0775
06.02.2019,0.0775
05.02.2019,0.0775
04.02.2019,0.0775
03.02.2019,0.0775
02.02.2019,0.0775
01.02.2019,0.0775
31.01.2019,0.0775
30.01.2019,0.0775
29.01.2019,0.0775
28.01.2019,0.0775
27.01.2019,0.0775
26.01.2019,0.0775
25.01.2019,0.0775
24.01.2019,0.0775
23.01.2019,0.0775
22.01.2019,0.0775
21.01.2019,0.0775
20.01.2019,0.0775
19.01.2019,0.0775
18.01.2019,0.0775
17.01.2019,0.0775
16.01.2019,0.0775
15.01.2019,0.0775
14.01.2019,0.0775
13.01.2019,0.0775
12.01.2019,0.0775
11.01.2019,0.0775
10.01.2019,0.0775
09.01.2019,0.0775
08.01.2019,0.0775
07.01.2019,0.0775
06.01.2019,0.0775
05.01.2019,0.0775
04.01.2019,0.0775
03.01.2019,0.0775
02.01.2019,0.0775
01.01.2019,0.0775
31.12.2018,0.0775
30.12.2018,0.0775
29.12.2018,0.0775
28.12.2018,0.0775
27.12.2018,0.0775
26.12.2018,0.0775
25.12.2018,0.0775
24.12.2018,0.0775
23.12.2018,0.0775
22.12.2018,0.0775
21.12.2018,0.0775
20.12.2018,0.0775
19.12.2018,0.0775
18.12.2018,0.0775
17.12.2018,0.0775
16.12.2018,0.075
15.12.2018,0.075
14.12.2018,0.075
13.12.2018,0.075
12.12.2018,0.075
11.12.2018,0.075
10.12.2018,0.075
09.12.2018,0.075
08.12.2018,0.075
07.12.2018,0.075
06.12.2018,0.075
05.12.2018,0.075
04.12.2018,0.075
03.12.2018,0.075
02.12.2018,0.075
01.12.2018,0.075
30.11.2018,0.075
29.11.2018,0.075
28.11.2018,0.075
27.11.2018,0.075
26.11.2018,0.075
25.11.2018,0.075
24.11.2018,0.075
23.11.2018,0.075
22.11.2018,0.075
21.11.2018,0.075
20.11.2018,0.075
19.11.2018,0.075
18.11.2018,0.075
17.11.2018,0.075
16.11.2018,0.075
15.11.2018,0.075
14.11.2018,0.075
13.11.2018,0.075
12.11.2018,0.075
11.11.2018,0.075
10.11.2018,0.075
09.11.2018,0.075
08.11.2018,0.075
07.11.2018,0.075
06.11.2018,0.075
05.11.2018,0.075
04.11.2018,0.075
03.11.2018,0.075
02.11.2018,0.075
01.11.2018,0.075
31.10.2018,0.075
30.10.2018,0.075
29.10.2018,0.075
28.10.2018,0.075
27.10.2018,0.075
26.10.2018,0.075
25.10.2018,0.075
24.10.2018,0.075
23.10.2018,0.075
22.10.2018,0.075
21.10.2018,0.075
20.10.2018,0.075
19.10.2018,0.075
18.10.2018,0.075
17.10.2018,0.075
16.10.2018,0.075
15.10.2018,0.075
14.10.2018,0.075
13.10.2018,0.075
12.10.2018,0.075
11.10.2018,0.075
10.10.2018,0.075
09.10.2018,0.075
08.10.2018,0.075
07.10.2018,0.075
06.10.2018,0.075
05.10.2018,0.075
04.10.2018,0.075
03.10.2018,0.075
02.10.2018,0.075
01.10.2018,0.075
30.09.2018,0.075
29.09.2018,0.075
28.09.2018,0.075
27.09.2018,0.075
26.09.2018,0.075
25.09.2018,0.075
24.09.2018,0.075
23.09.2018,0.075
22.09.2018,0.075
21.09.2018,0.075
20.09.2018,0.075
19.09.2018,0.075
18.09.2018,0.075
17.09.2018,0.075
16.09.2018,0.0725
15.09.2018,0.0725
14.09.2018,0.0725
13.09.2018,0.0725
12.09.2018,0.0725
11.09.2018,0.0725
10.09.2018,0.0725
09.09.2018,0.0725
08.09.2018,0.0725
07.09.2018,0.0725
06.09.2018,0.0725
05.09.2018,0.0725
04.09.2018,0.0725
03.09.2018,0.0725
02.09.2018,0.0725
01.09.2018,0.0725
31.08.2018,0.0725
30.08.2018,0.0725
29.08.2018,0.0725
28.08.2018,0.0725
27.08.2018,0.0725
26.08.2018,0.0725
25.08.2018,0.0725
24.08.2018,0.0725
23.08.2018,0.0725
22.08.2018,0.0725
21.08.2018,0.0725
20.08.2018,0.0725
19.08.2018,0.0725
18.08.2018,0.0725
17.08.2018,0.0725
16.08.2018,0.0725
15.08.2018,0.0725
14.08.2018,0.0725
13.08.2018,0.0725
12.08.2018,0.0725
11.08.2018,0.0725
10.08.2018,0.0725
09.08.2018,0.0725
08.08.2018,0.0725
07.08.2018,0.0725
06.08.2018,0.0725
05.08.2018,0.0725
04.08.2018,0.0725
03.08.2018,0.0725
02.08.2018,0.0725
01.08.2018,0.0725
31.07.2018,0.0725
30.07.2018,0.0725
29.07.2018,0.0725
28.07.2018,0.0725
27.07.2018,0.0725
26.07.2018,0.0725
25.07.2018,0.0725
24.07.2018,0.0725
23.07.2018,0.0725
22.07.2018,0.0725
21.07.2018,0.0725
20.07.2018,0.0725
19.07.2018,0.0725
18.07.2018,0.0725
17.07.2018,0.0725
16.07.2018,0.0725
15.07.2018,0.0725
14.07.2018,0.0725
13.07.2018,0.0725
12.07.2018,0.0725
11.07.2018,0.0725
10.07.2018,0.0725
09.07.2018,0.0725
08.07.2018,0.0725
07.07.2018,0.0725
06.07.2018,0.0725
05.07.2018,0.0725
04.07.2018,0.0725
03.07.2018,0.0725
02.07.2018,0.0725
01.07.2018,0.0725
30.06.2018,0.0725
29.06.2018,0.0725
28.06.2018,0.0725
27.06.2018,0.0725
26.06.2018,0.0725
25.06.2018,0.0725
24.06.2018,0.0725
23.06.2018,0.0725
22.06.2018,0.0725
21.06.2018,0.0725
20.06.2018,0.0725
19.06.2018,0.0725
18.06.2018,0.0725
17.06.2018,0.0725
16.06.2018,0.0725
15.06.2018,0.0725
14.06.2018,0.0725
13.06.2018,0.0725
12.06.2018,0.0725
11.06.2018,0.0725
10.06.2018,0.0725
09.06.2018,0.0725
08.06.2018,0.0725
07.06.2018,0.0725
06.06.2018,0.0725
05.06.2018,0.0725
04.06.2018,0.0725
03.06.2018,0.0725
02.06.2018,0.0725
01.06.2018,0.0725
31.05.2018,0.0725
30.05.2018,0.0725
29.05.2018,0.0725
28.05.2018,0.0725
27.05.2018,0.0725
26.05.2018,0.0725
25.05.2018,0.0725
24.05.2018,0.0725
23.05.2018,0.0725
22.05.2018,0.0725
21.05.2018,0.0725
20.05.2018,0.0725
19.05.2018,0.0725
18.05.2018,0.0725
17.05.2018,0.0725
16.05.2018,0.0725
15.05.2018,0.0725
14.05.2018,0.0725
13.05.2018,0.0725
12.05.2018,0.0725
11.05.2018,0.0725
10.05.2018,0.0725
09.05.2018,0.0725
08.05.2018,0.0725
07.05.2018,0.0725
06.05.2018,0.0725
05.05.2018,0.0725
04.05.2018,0.0725
03.05.2018,0.0725
02.05.2018,0.0725
01.05.2018,0.0725
30.04.2018,0.0725
29.04.2018,0.0725
28.04.2018,0.0725
27.04.2018,0.0725
26.04.2018,0.0725
25.04.2018,0.0725
24.04.2018,0.0725
23.04.2018,0.0725
22.04.2018,0.0725
21.04.2018,0.0725
20.04.2018,0.0725
19.04.2018,0.0725
18.04.2018,0.0725
17.04.2018,0.0725
16.04.2018,0.0725
15.04.2018,0.0725
14.04.2018,0.0725
13.04.2018,0.0725
12.04.2018,0.0725
11.04.2018,0.0725
10.04.2018,0.0725
09.04.2018,0.0725
08.04.2018,0.0725
07.04.2018,0.0725
06.04.2018,0.0725
05.04.2018,0.0725
04.04.2018,0.0725
03.04.2018,0.0725
02.04.2018,0.0725
01.04.2018,0.0725
31.03.2018,0.0725
30.03.2018,0.0725
29.03.2018,0.0725
28.03.2018,0.0725
27.03.2018,0.0725
26.03.2018,0.0725
25.03.2018,0.075
24.03.2018,0.075
23.03.2018,0.075
22.03.2018,0.075
21.03.2018,0.075
20.03.2018,0.075
19.03.2018,0.075
18.03.2018,0.075
17.03.2018,0.075
16.03.2018,0.075
15.03.2018,0.075
14.03.2018,0.075
13.03.2018,0.075
12.03.2018,0.075
11.03.2018,0.075
10.03.2018,0.075
09.03.2018,0.075
08.03.2018,0.075
07.03.2018,0.075
06.03.2018,0.075
05.03.2018,0.075
04.03.2018,0.075
03.03.2018,0.075
02.03.2018,0.075
01.03.2018,0.075
28.02.2018,0.075
27.02.2018,0.075
26.02.2018,0.075
25.02.2018,0.075
24.02.2018,0.075
23.02.2018,0.075
22.02.2018,0.075
21.02.2018,0.075
20.02.2018,0.075
19.02.2018,0.075
18.02.2018,0.075
17.02.2018,0.075
16.02.2018,0.075
15.02.2018,0.075
14.02.2018,0.075
13.02.2018,0.075
12.02.2018,0.075
11.02.2018,0.0775
10.02.2018,0.0775
09.02.2018,0.0775
08.02.2018,0.0775
07.02.2018,0.0775
06.02.2018,0.0775
05.02.2018,0.0775
04.02.2018,0.0775
03.02.2018,0.0775
02.02.2018,0.0775
01.02.2018,0.0775
31.01.2018,0.0775
30.01.2018,0.0775
29.01.2018,0.0775
28.01.2018,0.0775
27.01.2018,0.0775
26.01.2018,0.0775
25.01.2018,0.0775
24.01.2018,0.0775
23.01.2018,0.0775
22.01.2018,0.0775
21.01.2018,0.0775
20.01.2018,0.0775
19.01.2018,0.0775
18.01.2018,0.0775
17.01.2018,0.0775
16.01.2018,0.0775
15.01.2018,0.0775
14.01.2018,0.0775
13.01.2018,0.0775
12.01.2018,0.0775
11.01.2018,0.0775
10.01.2018,0.0775
09.01.2018,0.0775
08.01.2018,0.0775
07.01.2018,0.0775
06.01.2018,0.0775
05.01.2018,0.0775
04.01.2018,0.0775
03.01.2018,0.0775
02.01.2018,0.0775
01.01.2018,0.0775
31.12.2017,0.0775
30.12.2017,0.0775
29.12.2017,0.0775
28.12.2017,0.0775
27.12.2017,0.0775
26.12.2017,0.0775
25.12.2017,0.0775
24.12.2017,0.0775
23.12.2017,0.0775
22.12.2017,0.0775
21.12.2017,0.0775
20.12.2017,0.0775
19.12.2017,0.0775
18.12.2017,0.0775
17.12.2017,0.0825
16.12.2017,0.0825
15.12.2017,0.0825
14.12.2017,0.0825
13.12.2017,0.0825
12.12.2017,0.0825
11.12.2017,0.0825
10.12.2017,0.0825
09.12.2017,0.0825
08.12.2017,0.0825
07.12.2017,0.0825
06.12.2017,0.0825
05.12.2017,0.0825
04.12.2017,0.0825
03.12.2017,0.0825
02.12.2017,0.0825
01.12.2017,0.0825
30.11.2017,0.0825
29.11.2017,0.0825
28.11.2017,0.0825
27.11.2017,0.0825
26.11.2017,0.0825
25.11.2017,0.0825
24.11.2017,0.0825
23.11.2017,0.0825
22.11.2017,0.0825
21.11.2017,0.0825
20.11.2017,0.0825
19.11.2017,0.0825
18.11.2017,0.0825
17.11.2017,0.0825
16.11.2017,0.0825
15.11.2017,0.0825
14.11.2017,0.0825
13.11.2017,0.0825
12.11.2017,0.0825
11.11.2017,0.0825
10.11.2017,0.0825
09.11.2017,0.0825
08.11.2017,0.0825
07.11.2017,0.0825
06.11.2017,0.0825
05.11.2017,0.0825
04.11.2017,0.0825
03.11.2017,0.0825
02.11.2017,0.0825
01.11.2017,0.0825
31.10.2017,0.0825
30.10.2017,0.0825
29.10.2017,0.085
28.10.2017,0.085
27.10.2017,0.085
26.10.2017,0.085
25.10.2017,0.085
24.10.2017,0.085
23.10.2017,0.085
22.10.2017,0.085
21.10.2017,0.085
20.10.2017,0.085
19.10.2017,0.085
18.10.2017,0.085
17.10.2017,0.085
16.10.2017,0.085
15.10.2017,0.085
14.10.2017,0.085
13.10.2017,0.085
12.10.2017,0.085
11.10.2017,0.085
10.10.2017,0.085
09.10.2017,0.085
08.10.2017,0.085
07.10.2017,0.085
06.10.2017,0.085
05.10.2017,0.085
04.10.2017,0.085
03.10.2017,0.085
02.10.2017,0.085
01.10.2017,0.085
30.09.2017,0.085
29.09.2017,0.085
28.09.2017,0.085
27.09.2017,0.085
26.09.2017,0.085
25.09.2017,0.085
24.09.2017,0.085
23.09.2017,0.085
22.09.2017,0.085
21.09.2017,0.085
20.09.2017,0.085
19.09.2017,0.085
18.09.2017,0.085
17.09.2017,0.09
16.09.2017,0.09
15.09.2017,0.09
14.09.2017,0.09
13.09.2017,0.09
12.09.2017,0.09
11.09.2017,0.09
10.09.2017,0.09
09.09.2017,0.09
08.09.2017,0.09
07.09.2017,0.09
06.09.2017,0.09
05.09.2017,0.09
04.09.2017,0.09
03.09.2017,0.09
02.09.2017,0.09
01.09.2017,0.09
31.08.2017,0.09
30.08.2017,0.09
29.08.2017,0.09
28.08.2017,0.09
27.08.2017,0.09
26.08.2017,0.09
25.08.2017,0.09
24.08.2017,0.09
23.08.2017,0.09
22.08.2017,0.09
21.08.2017,0.09
20.08.2017,0.09
19.08.2017,0.09
18.08.2017,0.09
17.08.2017,0.09
16.08.2017,0.09
15.08.2017,0.09
14.08.2017,0.09
13.08.2017,0.09
12.08.2017,0.09
11.08.2017,0.09
10.08.2017,0.09
09.08.2017,0.09
08.08.2017,0.09
07.08.2017,0.09
06.08.2017,0.09
05.08.2017,0.09
04.08.2017,0.09
03.08.2017,0.09
02.08.2017,0.09
01.08.2017,0.09
31.07.2017,0.09
30.07.2017,0.09
29.07.2017,0.09
28.07.2017,0.09
27.07.2017,0.09
26.07.2017,0.09
25.07.2017,0.09
24.07.2017,0.09
23.07.2017,0.09
22.07.2017,0.09
21.07.2017,0.09
20.07.2017,0.09
19.07.2017,0.09
18.07.2017,0.09
17.07.2017,0.09
16.07.2017,0.09
15.07.2017,0.09
14.07.2017,0.09
13.07.2017,0.09
12.07.2017,0.09
11.07.2017,0.09
10.07.2017,0.09
09.07.2017,0.09
08.07.2017,0.09
07.07.2017,0.09
06.07.2017,0.09
05.07.2017,0.09
04.07.2017,0.09
03.07.2017,0.09
02.07.2017,0.09
01.07.2017,0.09
30.06.2017,0.09
29.06.2017,0.09
28.06.2017,0.09
27.06.2017,0.09
26.06.2017,0.09
25.06.2017,0.09
24.06.2017,0.09
23.06.2017,0.09
22.06.2017,0.09
21.06.2017,0.09
20.06.2017,0.09
19.06.2017,0.09
18.06.2017,0.0925
17.06.2017,0.0925
16.06.2017,0.0925
15.06.2017,0.0925
14.06.2017,0.0925
13.06.2017,0.0925
12.06.2017,0.0925
11.06.2017,0.0925
10.06.2017,0.0925
09.06.2017,0.0925
08.06.2017,0.0925
07.06.2017,0.0925
06.06.2017,0.0925
05.06.2017,0.0925
04.06.2017,0.0925
03.06.2017,0.0925
02.06.2017,0.0925
01.06.2017,0.0925
31.05.2017,0.0925
30.05.2017,0.0925
29.05.2017,0.0925
28.05.2017,0.0925
27.05.2017,0.0925
26.05.2017,0.0925
25.05.2017,0.0925
24.05.2017,0.0925
23.05.2017,0.0925
22.05.2017,0.0925
21.05.2017,0.0925
20.05.2017,0.0925
19.05.2017,0.0925
18.05.2017,0.0925
17.05.2017,0.0925
16.05.2017,0.0925
15.05.2017,0.0925
14.05.2017,0.0925
13.05.2017,0.0925
12.05.2017,0.0925
11.05.2017,0.0925
10.05.2017,0.0925
09.05.2017,0.0925
08.05.2017,0.0925
07.05.2017,0.0925
06.05.2017,0.0925
05.05.2017,0.0925
04.05.2017,0.0925
03.05.2017,0.0925
02.05.2017,0.0925
01.05.2017,0.0975
30.04.2017,0.0975
29.04.2017,0.0975
28.04.2017,0.0975
27.04.2017,0.0975
26.04.2017,0.0975
25.04.2017,0.0975
24.04.2017,0.0975
23.04.2017,0.0975
22.04.2017,0.0975
21.04.2017,0.0975
20.04.2017,0.0975
19.04.2017,0.0975
18.04.2017,0.0975
17.04.2017,0.0975
16.04.2017,0.0975
15.04.2017,0.0975
14.04.2017,0.0975
13.04.2017,0.0975
12.04.2017,0.0975
11.04.2017,0.0975
10.04.2017,0.0975
09.04.2017,0.0975
08.04.2017,0.0975
07.04.2017,0.0975
06.04.2017,0.0975
05.04.2017,0.0975
04.04.2017,0.0975
03.04.2017,0.0975
02.04.2017,0.0975
01.04.2017,0.0975
31.03.2017,0.0975
30.03.2017,0.0975
29.03.2017,0.0975
28.03.2017,0.0975
27.03.2017,0.0975
26.03.2017,0.1
25.03.2017,0.1
24.03.2017,0.1
23.03.2017,0.1
22.03.2017,0.1
21.03.2017,0.1
20.03.2017,0.1
19.03.2017,0.1
18.03.2017,0.1
17.03.2017,0.1
16.03.2017,0.1
15.03.2017,0.1
14.03.2017,0.1
13.03.2017,0.1
12.03.2017,0.1
11.03.2017,0.1
10.03.2017,0.1
09.03.2017,0.1
08.03.2017,0.1
07.03.2017,0.1
06.03.2017,0.1
05.03.2017,0.1
04.03.2017,0.1
03.03.2017,0.1
02.03.2017,0.1
01.03.2017,0.1
28.02.2017,0.1
27.02.2017,0.1
26.02.2017,0.1
25.02.2017,0.1
24.02.2017,0.1
23.02.2017,0.1
22.02.2017,0.1
21.02.2017,0.1
20.02.2017,0.1
19.02.2017,0.1
18.02.2017,0.1
17.02.2017,0.1
16.02.2017,0.1
15.02.2017,0.1
14.02.2017,0.1
13.02.2017,0.1
12.02.2017,0.1
11.02.2017,0.1
10.02.2017,0.1
09.02.2017,0.1
08.02.2017,0.1
07.02.2017,0.1
06.02.2017,0.1
05.02.2017,0.1
04.02.2017,0.1
03.02.2017,0.1
02.02.2017,0.1
01.02.2017,0.1
31.01.2017,0.1
30.01.2017,0.1
29.01.2017,0.1
28.01.2017,0.1
27.01.2017,0.1
26.01.2017,0.1
25.01.2017,0.1
24.01.2017,0.1
23.01.2017,0.1
22.01.2017,0.1
21.01.2017,0.1
20.01.2017,0.1
19.01.2017,0.1
18.01.2017,0.1
17.01.2017,0.1
16.01.2017,0.1
15.01.2017,0.1
14.01.2017,0.1
13.01.2017,0.1
12.01.2017,0.1
11.01.2017,0.1
10.01.2017,0.1
09.01.2017,0.1
08.01.2017,0.1
07.01.2017,0.1
06.01.2017,0.1
05.01.2017,0.1
04.01.2017,0.1
03.01.2017,0.1
02.01.2017,0.1
01.01.2017,0.1
31.12.2016,0.1
30.12.2016,0.1
29.12.2016,0.1
28.12.2016,0.1
27.12.2016,0.1
26.12.2016,0.1
25.12.2016,0.1
24.12.2016,0.1
23.12.2016,0.1
22.12.2016,0.1
21.12.2016,0.1
20.12.2016,0.1
19.12.2016,0.1
18.12.2016,0.1
17.12.2016,0.1
16.12.2016,0.1
15.12.2016,0.1
14.12.2016,0.1
13.12.2016,0.1
12.12.2016,0.1
11.12.2016,0.1
10.12.2016,0.1
09.12.2016,0.1
08.12.2016,0.1
07.12.2016,0.1
06.12.2016,0.1
05.12.2016,0.1
04.12.2016,0.1
03.12.2016,0.1
02.12.2016,0.1
01.12.2016,0.1
30.11.2016,0.1
29.11.2016,0.1
28.11.2016,0.1
27.11.2016,0.1
26.11.2016,0.1
25.11.2016,0.1
24.11.2016,0.1
23.11.2016,0.1
22.11.2016,0.1
21.11.2016,0.1
20.11.2016,0.1
19.11.2016,0.1
18.11.2016,0.1
17.11.2016,0.1
16.11.2016,0.1
15.11.2016,0.1
14.11.2016,0.1
13.11.2016,0.1
12.11.2016,0.1
11.11.2016,0.1
10.11.2016,0.1
09.11.2016,0.1
08.11.2016,0.1
07.11.2016,0.1
06.11.2016,0.1
05.11.2016,0.1
04.11.2016,0.1
03.11.2016,0.1
02.11.2016,0.1
01.11.2016,0.1
31.10.2016,0.1
30.10.2016,0.1
29.10.2016,0.1
28.10.2016,0.1
27.10.2016,0.1
26.10.2016,0.1
25.10.2016,0.1
24.10.2016,0.1
23.10.2016,0.1
22.10.2016,0.1
21.10.2016,0.1
20.10.2016,0.1
19.10.2016,0.1
18.10.2016,0.1
17.10.2016,0.1
16.10.2016,0.1
15.10.2016,0.1
14.10.2016,0.1
13.10.2016,0.1
12.10.2016,0.1
11.10.2016,0.1
10.10.2016,0.1
09.10.2016,0.1
08.10.2016,0.1
07.10.2016,0.1
06.10.2016,0.1
05.10.2016,0.1
04.10.2016,0.1
03.10.2016,0.1
02.10.2016,0.1
01.10.2016,0.1
30.09.2016,0.1
29.09.2016,0.1
28.09.2016,0.1
27.09.2016,0.1
26.09.2016,0.1
25.09.2016,0.1
24.09.2016,0.1
23.09.2016,0.1
22.09.2016,0.1
21.09.2016,0.1
20.09.2016,0.1
19.09.2016,0.1
18.09.2016,0.105
17.09.2016,0.105
16.09.2016,0.105
15.09.2016,0.105
14.09.2016,0.105
13.09.2016,0.105
12.09.2016,0.105
11.09.2016,0.105
10.09.2016,0.105
09.09.2016,0.105
08.09.2016,0.105
07.09.2016,0.105
06.09.2016,0.105
05.09.2016,0.105
04.09.2016,0.105
03.09.2016,0.105
02.09.2016,0.105
01.09.2016,0.105
31.08.2016,0.105
30.08.2016,0.105
29.08.2016,0.105
28.08.2016,0.105
27.08.2016,0.105
26.08.2016,0.105
25.08.2016,0.105
24.08.2016,0.105
23.08.2016,0.105
22.08.2016,0.105
21.08.2016,0.105
20.08.2016,0.105
19.08.2016,0.105
18.08.2016,0.105
17.08.2016,0.105
16.08.2016,0.105
15.08.2016,0.105
14.08.2016,0.105
13.08.2016,0.105
12.08.2016,0.105
11.08.2016,0.105
10.08.2016,0.105
09.08.2016,0.105
08.08.2016,0.105
07.08.2016,0.105
06.08.2016,0.105
05.08.2016,0.105
04.08.2016,0.105
03.08.2016,0.105
02.08.2016,0.105
01.08.2016,0.105
31.07.2016,0.105
30.07.2016,0.105
29.07.2016,0.105
28.07.2016,0.105
27.07.2016,0.105
26.07.2016,0.105
25.07.2016,0.105
24.07.2016,0.105
23.07.2016,0.105
22.07.2016,0.105
21.07.2016,0.105
20.07.2016,0.105
19.07.2016,0.105
18.07.2016,0.105
17.07.2016,0.105
16.07.2016,0.105
15.07.2016,0.105
14.07.2016,0.105
13.07.2016,0.105
12.07.2016,0.105
11.07.2016,0.105
10.07.2016,0.105
09.07.2016,0.105
08.07.2016,0.105
07.07.2016,0.105
06.07.2016,0.105
05.07.2016,0.105
04.07.2016,0.105
03.07.2016,0.105
02.07.2016,0.105
01.07.2016,0.105
30.06.2016,0.105
29.06.2016,0.105
28.06.2016,0.105
27.06.2016,0.105
26.06.2016,0.105
25.06.2016,0.105
24.06.2016,0.105
23.06.2016,0.105
22.06.2016,0.105
21.06.2016,0.105
20.06.2016,0.105
19.06.2016,0.105
18.06.2016,0.105
17.06.2016,0.105
16.06.2016,0.105
15.06.2016,0.105
14.06.2016,0.105
13.06.2016,0.11
12.06.2016,0.11
11.06.2016,0.11
10.06.2016,0.11
09.06.2016,0.11
08.06.2016,0.11
07.06.2016,0.11
06.06.2016,0.11
05.06.2016,0.11
04.06.2016,0.11
03.06.2016,0.11
02.06.2016,0.11
01.06.2016,0.11
31.05.2016,0.11
30.05.2016,0.11
29.05.2016,0.11
28.05.2016,0.11
27.05.2016,0.11
26.05.2016,0.11
25.05.2016,0.11
24.05.2016,0.11
23.05.2016,0.11
22.05.2016,0.11
21.05.2016,0.11
20.05.2016,0.11
19.05.2016,0.11
18.05.2016,0.11
17.05.2016,0.11
16.05.2016,0.11
15.05.2016,0.11
14.05.2016,0.11
13.05.2016,0.11
12.05.2016,0.11
11.05.2016,0.11
10.05.2016,0.11
09.05.2016,0.11
08.05.2016,0.11
07.05.2016,0.11
06.05.2016,0.11
05.05.2016,0.11
04.05.2016,0.11
03.05.2016,0.11
02.05.2016,0.11
01.05.2016,0.11
30.04.2016,0.11
29.04.2016,0.11
28.04.2016,0.11
27.04.2016,0.11
26.04.2016,0.11
25.04.2016,0.11
24.04.2016,0.11
23.04.2016,0.11
22.04.2016,0.11
21.04.2016,0.11
20.04.2016,0.11
19.04.2016,0.11
18.04.2016,0.11
17.04.2016,0.11
16.04.2016,0.11
15.04.2016,0.11
14.04.2016,0.11
13.04.2016,0.11
12.04.2016,0.11
11.04.2016,0.11
10.04.2016,0.11
09.04.2016,0.11
08.04.2016,0.11
07.04.2016,0.11
06.04.2016,0.11
05.04.2016,0.11
04.04.2016,0.11
03.04.2016,0.11
02.04.2016,0.11
01.04.2016,0.11
31.03.2016,0.11
30.03.2016,0.11
29.03.2016,0.11
28.03.2016,0.11
27.03.2016,0.11
26.03.2016,0.11
25.03.2016,0.11
24.03.2016,0.11
23.03.2016,0.11
22.03.2016,0.11
21.03.2016,0.11
20.03.2016,0.11
19.03.2016,0.11
18.03.2016,0.11
17.03.2016,0.11
16.03.2016,0.11
15.03.2016,0.11
14.03.2016,0.11
13.03.2016,0.11
12.03.2016,0.11
11.03.2016,0.11
10.03.2016,0.11
09.03.2016,0.11
08.03.2016,0.11
07.03.2016,0.11
06.03.2016,0.11
05.03.2016,0.11
04.03.2016,0.11
03.03.2016,0.11
02.03.2016,0.11
01.03.2016,0.11
29.02.2016,0.11
28.02.2016,0.11
27.02.2016,0.11
26.02.2016,0.11
25.02.2016,0.11
24.02.2016,0.11
23.02.2016,0.11
22.02.2016,0.11
21.02.2016,0.11
20.02.2016,0.11
19.02.2016,0.11
18.02.2016,0.11
17.02.2016,0.11
16.02.2016,0.11
15.02.2016,0.11
14.02.2016,0.11
13.02.2016,0.11
12.02.2016,0.11
11.02.2016,0.11
10.02.2016,0.11
09.02.2016,0.11
08.02.2016,0.11
07.02.2016,0.11
06.02.2016,0.11
05.02.2016,0.11
04.02.2016,0.11
03.02.2016,0.11
02.02.2016,0.11
01.02.2016,0.11
31.01.2016,0.11
30.01.2016,0.11
29.01.2016,0.11
28.01.2016,0.11
27.01.2016,0.11
26.01.2016,0.11
25.01.2016,0.11
24.01.2016,0.11
23.01.2016,0.11
22.01.2016,0.11
21.01.2016,0.11
20.01.2016,0.11
19.01.2016,0.11
18.01.2016,0.11
17.01.2016,0.11
16.01.2016,0.11
15.01.2016,0.11
14.01.2016,0.11
13.01.2016,0.11
12.01.2016,0.11
11.01.2016,0.11
10.01.2016,0.11
09.01.2016,0.11
08.01.2016,0.11
07.01.2016,0.11
06.01.2016,0.11
05.01.2016,0.11
04.01.2016,0.11
03.01.2016,0.11
02.01.2016,0.11
01.01.2016,0.11
31.12.2015,0.11
30.12.2015,0.11
29.12.2015,0.11
28.12.2015,0.11
27.12.2015,0.11
26.12.2015,0.11
25.12.2015,0.11
24.12.2015,0.11
23.12.2015,0.11
22.12.2015,0.11
21.12.2015,0.11
20.12.2015,0.11
19.12.2015,0.11
18.12.2015,0.11
17.12.2015,0.11
16.12.2015,0.11
15.12.2015,0.11
14.12.2015,0.11
13.12.2015,0.11
12.12.2015,0.11
11.12.2015,0.11
10.12.2015,0.11
09.12.2015,0.11
08.12.2015,0.11
07.12.2015,0.11
06.12.2015,0.11
05.12.2015,0.11
04.12.2015,0.11
03.12.2015,0.11
02.12.2015,0.11
01.12.2015,0.11
30.11.2015,0.11
29.11.2015,0.11
28.11.2015,0.11
27.11.2015,0.11
26.11.2015,0.11
25.11.2015,0.11
24.11.2015,0.11
23.11.2015,0.11
22.11.2015,0.11
21.11.2015,0.11
20.11.2015,0.11
19.11.2015,0.11
18.11.2015,0.11
17.11.2015,0.11
16.11.2015,0.11
15.11.2015,0.11
14.11.2015,0.11
13.11.2015,0.11
12.11.2015,0.11
11.11.2015,0.11
10.11.2015,0.11
09.11.2015,0.11
08.11.2015,0.11
07.11.2015,0.11
06.11.2015,0.11
05.11.2015,0.11
04.11.2015,0.11
03.11.2015,0.11
02.11.2015,0.11
01.11.2015,0.11
31.10.2015,0.11
30.10.2015,0.11
29.10.2015,0.11
28.10.2015,0.11
27.10.2015,0.11
26.10.2015,0.11
25.10.2015,0.11
24.10.2015,0.11
23.10.2015,0.11
22.10.2015,0.11
21.10.2015,0.11
20.10.2015,0.11
19.10.2015,0.11
18.10.2015,0.11
17.10.2015,0.11
16.10.2015,0.11
15.10.2015,0.11
14.10.2015,0.11
13.10.2015,0.11
12.10.2015,0.11
11.10.2015,0.11
10.10.2015,0.11
09.10.2015,0.11
08.10.2015,0.11
07.10.2015,0.11
06.10.2015,0.11
05.10.2015,0.11
04.10.2015,0.11
03.10.2015,0.11
02.10.2015,0.11
01.10.2015,0.11
30.09.2015,0.11
29.09.2015,0.11
28.09.2015,0.11
27.09.2015,0.11
26.09.2015,0.11
25.09.2015,0.11
24.09.2015,0.11
23.09.2015,0.11
22.09.2015,0.11
21.09.2015,0.11
20.09.2015,0.11
19.09.2015,0.11
18.09.2015,0.11
17.09.2015,0.11
16.09.2015,0.11
15.09.2015,0.11
14.09.2015,0.11
13.09.2015,0.11
12.09.2015,0.11
11.09.2015,0.11
10.09.2015,0.11
09.09.2015,0.11
08.09.2015,0.11
07.09.2015,0.11
06.09.2015,0.11
05.09.2015,0.11
04.09.2015,0.11
03.09.2015,0.11
02.09.2015,0.11
01.09.2015,0.11
31.08.2015,0.11
30.08.2015,0.11
29.08.2015,0.11
28.08.2015,0.11
27.08.2015,0.11
26.08.2015,0.11
25.08.2015,0.11
24.08.2015,0.11
23.08.2015,0.11
22.08.2015,0.11
21.08.2015,0.11
20.08.2015,0.11
19.08.2015,0.11
18.08.2015,0.11
17.08.2015,0.11
16.08.2015,0.11
15.08.2015,0.11
14.08.2015,0.11
13.08.2015,0.11
12.08.2015,0.11
11.08.2015,0.11
10.08.2015,0.11
09.08.2015,0.11
08.08.2015,0.11
07.08.2015,0.11
06.08.2015,0.11
05.08.2015,0.11
04.08.2015,0.11
03.08.2015,0.11
02.08.2015,0.115
01.08.2015,0.115
31.07.2015,0.115
30.07.2015,0.115
29.07.2015,0.115
28.07.2015,0.115
27.07.2015,0.115
26.07.2015,0.115
25.07.2015,0.115
24.07.2015,0.115
23.07.2015,0.115
22.07.2015,0.115
21.07.2015,0.115
20.07.2015,0.115
19.07.2015,0.115
18.07.2015,0.115
17.07.2015,0.115
16.07.2015,0.115
15.07.2015,0.115
14.07.2015,0.115
13.07.2015,0.115
12.07.2015,0.115
11.07.2015,0.115
10.07.2015,0.115
09.07.2015,0.115
08.07.2015,0.115
07.07.2015,0.115
06.07.2015,0.115
05.07.2015,0.115
04.07.2015,0.115
03.07.2015,0.115
02.07.2015,0.115
01.07.2015,0.115
30.06.2015,0.115
29.06.2015,0.115
28.06.2015,0.115
27.06.2015,0.115
26.06.2015,0.115
25.06.2015,0.115
24.06.2015,0.115
23.06.2015,0.115
22.06.2015,0.115
21.06.2015,0.115
20.06.2015,0.115
19.06.2015,0.115
18.06.2015,0.115
17.06.2015,0.115
16.06.2015,0.115
15.06.2015,0.125
14.06.2015,0.125
13.06.2015,0.125
12.06.2015,0.125
11.06.2015,0.125
10.06.2015,0.125
09.06.2015,0.125
08.06.2015,0.125
07.06.2015,0.125
06.06.2015,0.125
05.06.2015,0.125
04.06.2015,0.125
03.06.2015,0.125
02.06.2015,0.125
01.06.2015,0.125
31.05.2015,0.125
30.05.2015,0.125
29.05.2015,0.125
28.05.2015,0.125
27.05.2015,0.125
26.05.2015,0.125
25.05.2015,0.125
24.05.2015,0.125
23.05.2015,0.125
22.05.2015,0.125
21.05.2015,0.125
20.05.2015,0.125
19.05.2015,0.125
18.05.2015,0.125
17.05.2015,0.125
16.05.2015,0.125
15.05.2015,0.125
14.05.2015,0.125
13.05.2015,0.125
12.05.2015,0.125
11.05.2015,0.125
10.05.2015,0.125
09.05.2015,0.125
08.05.2015,0.125
07.05.2015,0.125
06.05.2015,0.125
05.05.2015,0.125
04.05.2015,0.14
03.05.2015,0.14
02.05.2015,0.14
01.05.2015,0.14
30.04.2015,0.14
29.04.2015,0.14
28.04.2015,0.14
27.04.2015,0.14
26.04.2015,0.14
25.04.2015,0.14
24.04.2015,0.14
23.04.2015,0.14
22.04.2015,0.14
21.04.2015,0.14
20.04.2015,0.14
19.04.2015,0.14
18.04.2015,0.14
17.04.2015,0.14
16.04.2015,0.14
15.04.2015,0.14
14.04.2015,0.14
13.04.2015,0.14
12.04.2015,0.14
11.04.2015,0.14
10.04.2015,0.14
09.04.2015,0.14
08.04.2015,0.14
07.04.2015,0.14
06.04.2015,0.14
05.04.2015,0.14
04.04.2015,0.14
03.04.2015,0.14
02.04.2015,0.14
01.04.2015,0.14
31.03.2015,0.14
30.03.2015,0.14
29.03.2015,0.14
28.03.2015,0.14
27.03.2015,0.14
26.03.2015,0.14
25.03.2015,0.14
24.03.2015,0.14
23.03.2015,0.14
22.03.2015,0.14
21.03.2015,0.14
20.03.2015,0.14
19.03.2015,0.14
18.03.2015,0.14
17.03.2015,0.14
16.03.2015,0.14
15.03.2015,0.15
14.03.2015,0.15
13.03.2015,0.15
12.03.2015,0.15
11.03.2015,0.15
10.03.2015,0.15
09.03.2015,0.15
08.03.2015,0.15
07.03.2015,0.15
06.03.2015,0.15
05.03.2015,0.15
04.03.2015,0.15
03.03.2015,0.15
02.03.2015,0.15
01.03.2015,0.15
28.02.2015,0.15
27.02.2015,0.15
26.02.2015,0.15
25.02.2015,0.15
24.02.2015,0.15
23.02.2015,0.15
22.02.2015,0.15
21.02.2015,0.15
20.02.2015,0.15
19.02.2015,0.15
18.02.2015,0.15
17.02.2015,0.15
16.02.2015,0.15
15.02.2015,0.15
14.02.2015,0.15
13.02.2015,0.15
12.02.2015,0.15
11.02.2015,0.15
10.02.2015,0.15
09.02.2015,0.15
08.02.2015,0.15
07.02.2015,0.15
06.02.2015,0.15
05.02.2015,0.15
04.02.2015,0.15
03.02.2015,0.15
02.02.2015,0.15
01.02.2015,0.17
31.01.2015,0.17
30.01.2015,0.17
29.01.2015,0.17
28.01.2015,0.17
27.01.2015,0.17
26.01.2015,0.17
25.01.2015,0.17
24.01.2015,0.17
23.01.2015,0.17
22.01.2015,0.17
21.01.2015,0.17
20.01.2015,0.17
19.01.2015,0.17
18.01.2015,0.17
17.01.2015,0.17
16.01.2015,0.17
15.01.2015,0.17
14.01.2015,0.17
13.01.2015,0.17
12.01.2015,0.17
11.01.2015,0.17
10.01.2015,0.17
09.01.2015,0.17
08.01.2015,0.17
07.01.2015,0.17
06.01.2015,0.17
05.01.2015,0.17
04.01.2015,0.17
03.01.2015,0.17
02.01.2015,0.17
01.01.2015,0.17
31.12.2014,0.17
30.12.2014,0.17
29.12.2014,0.17
28.12.2014,0.17
27.12.2014,0.17
26.12.2014,0.17
25.12.2014,0.17
24.12.2014,0.17
23.12.2014,0.17
22.12.2014,0.17
21.12.2014,0.17
20.12.2014,0.17
19.12.2014,0.17
18.12.2014,0.17
17.12.2014,0.17
16.12.2014,0.17
15.12.2014,0.105
14.12.2014,0.105
13.12.2014,0.105
12.12.2014,0.105
11.12.2014,0.095
10.12.2014,0.095
09.12.2014,0.095
08.12.2014,0.095
07.12.2014,0.095
06.12.2014,0.095
05.12.2014,0.095
04.12.2014,0.095
03.12.2014,0.095
02.12.2014,0.095
01.12.2014,0.095
30.11.2014,0.095
29.11.2014,0.095
28.11.2014,0.095
27.11.2014,0.095
26.11.2014,0.095
25.11.2014,0.095
24.11.2014,0.095
23.11.2014,0.095
22.11.2014,0.095
21.11.2014,0.095
20.11.2014,0.095
19.11.2014,0.095
18.11.2014,0.095
17.11.2014,0.095
16.11.2014,0.095
15.11.2014,0.095
14.11.2014,0.095
13.11.2014,0.095
12.11.2014,0.095
11.11.2014,0.095
10.11.2014,0.095
09.11.2014,0.095
08.11.2014,0.095
07.11.2014,0.095
06.11.2014,0.095
05.11.2014,0.095
04.11.2014,0.08
03.11.2014,0.08
02.11.2014,0.08
01.11.2014,0.08
31.10.2014,0.08
30.10.2014,0.08
29.10.2014,0.08
28.10.2014,0.08
27.10.2014,0.08
26.10.2014,0.08
25.10.2014,0.08
24.10.2014,0.08
23.10.2014,0.08
22.10.2014,0.08
21.10.2014,0.08
20.10.2014,0.08
19.10.2014,0.08
18.10.2014,0.08
17.10.2014,0.08
16.10.2014,0.08
15.10.2014,0.08
14.10.2014,0.08
13.10.2014,0.08
12.10.2014,0.08
11.10.2014,0.08
10.10.2014,0.08
09.10.2014,0.08
08.10.2014,0.08
07.10.2014,0.08
06.10.2014,0.08
05.10.2014,0.08
04.10.2014,0.08
03.10.2014,0.08
02.10.2014,0.08
01.10.2014,0.08
30.09.2014,0.08
29.09.2014,0.08
28.09.2014,0.08
27.09.2014,0.08
26.09.2014,0.08
25.09.2014,0.08
24.09.2014,0.08
23.09.2014,0.08
22.09.2014,0.08
21.09.2014,0.08
20.09.2014,0.08
19.09.2014,0.08
18.09.2014,0.08
17.09.2014,0.08
16.09.2014,0.08
15.09.2014,0.08
14.09.2014,0.08
13.09.2014,0.08
12.09.2014,0.08
11.09.2014,0.08
10.09.2014,0.08
09.09.2014,0.08
08.09.2014,0.08
07.09.2014,0.08
06.09.2014,0.08
05.09.2014,0.08
04.09.2014,0.08
03.09.2014,0.08
02.09.2014,0.08
01.09.2014,0.08
31.08.2014,0.08
30.08.2014,0.08
29.08.2014,0.08
28.08.2014,0.08
27.08.2014,0.08
26.08.2014,0.08
25.08.2014,0.08
24.08.2014,0.08
23.08.2014,0.08
22.08.2014,0.08
21.08.2014,0.08
20.08.2014,0.08
19.08.2014,0.08
18.08.2014,0.08
17.08.2014,0.08
16.08.2014,0.08
15.08.2014,0.08
14.08.2014,0.08
13.08.2014,0.08
12.08.2014,0.08
11.08.2014,0.08
10.08.2014,0.08
09.08.2014,0.08
08.08.2014,0.08
07.08.2014,0.08
06.08.2014,0.08
05.08.2014,0.08
04.08.2014,0.08
03.08.2014,0.08
02.08.2014,0.08
01.08.2014,0.08
31.07.2014,0.08
30.07.2014,0.08
29.07.2014,0.08
28.07.2014,0.08
27.07.2014,0.075
26.07.2014,0.075
25.07.2014,0.075
24.07.2014,0.075
23.07.2014,0.075
22.07.2014,0.075
21.07.2014,0.075
20.07.2014,0.075
19.07.2014,0.075
18.07.2014,0.075
17.07.2014,0.075
16.07.2014,0.075
15.07.2014,0.075
14.07.2014,0.075
13.07.2014,0.075
12.07.2014,0.075
11.07.2014,0.075
10.07.2014,0.075
09.07.2014,0.075
08.07.2014,0.075
07.07.2014,0.075
06.07.2014,0.075
05.07.2014,0.075
04.07.2014,0.075
03.07.2014,0.075
02.07.2014,0.075
01.07.2014,0.075
30.06.2014,0.075
29.06.2014,0.075
28.06.2014,0.075
27.06.2014,0.075
26.06.2014,0.075
25.06.2014,0.075
24.06.2014,0.075
23.06.2014,0.075
22.06.2014,0.075
21.06.2014,0.075
20.06.2014,0.075
19.06.2014,0.075
18.06.2014,0.075
17.06.2014,0.075
16.06.2014,0.075
15.06.2014,0.075
14.06.2014,0.075
13.06.2014,0.075
12.06.2014,0.075
11.06.2014,0.075
10.06.2014,0.075
09.06.2014,0.075
08.06.2014,0.075
07.06.2014,0.075
06.06.2014,0.075
05.06.2014,0.075
04.06.2014,0.075
03.06.2014,0.075
02.06.2014,0.075
01.06.2014,0.075
31.05.2014,0.075
30.05.2014,0.075
29.05.2014,0.075
28.05.2014,0.075
27.05.2014,0.075
26.05.2014,0.075
25.05.2014,0.075
24.05.2014,0.075
23.05.2014,0.075
22.05.2014,0.075
21.05.2014,0.075
20.05.2014,0.075
19.05.2014,0.075
18.05.2014,0.075
17.05.2014,0.075
16.05.2014,0.075
15.05.2014,0.075
14.05.2014,0.075
13.05.2014,0.075
12.05.2014,0.075
11.05.2014,0.075
10.05.2014,0.075
09.05.2014,0.075
08.05.2014,0.075
07.05.2014,0.075
06.05.2014,0.075
05.05.2014,0.075
04.05.2014,0.075
03.05.2014,0.075
02.05.2014,0.075
01.05.2014,0.075
30.04.2014,0.075
29.04.2014,0.075
28.04.2014,0.075
27.04.2014,0.07
26.04.2014,0.07
25.04.2014,0.07
24.04.2014,0.07
23.04.2014,0.07
22.04.2014,0.07
21.04.2014,0.07
20.04.2014,0.07
19.04.2014,0.07
18.04.2014,0.07
17.04.2014,0.07
16.04.2014,0.07
15.04.2014,0.07
14.04.2014,0.07
13.04.2014,0.07
12.04.2014,0.07
11.04.2014,0.07
10.04.2014,0.07
09.04.2014,0.07
08.04.2014,0.07
07.04.2014,0.07
06.04.2014,0.07
05.04.2014,0.07
04.04.2014,0.07
03.04.2014,0.07
02.04.2014,0.07
01.04.2014,0.07
31.03.2014,0.07
30.03.2014,0.07
29.03.2014,0.07
28.03.2014,0.07
27.03.2014,0.07
26.03.2014,0.07
25.03.2014,0.07
24.03.2014,0.07
23.03.2014,0.07
22.03.2014,0.07
21.03.2014,0.07
20.03.2014,0.07
19.03.2014,0.07
18.03.2014,0.07
17.03.2014,0.07
16.03.2014,0.07
15.03.2014,0.07
14.03.2014,0.07
13.03.2014,0.07
12.03.2014,0.07
11.03.2014,0.07
10.03.2014,0.07
09.03.2014,0.07
08.03.2014,0.07
07.03.2014,0.07
06.03.2014,0.07
05.03.2014,0.07
04.03.2014,0.07
03.03.2014,0.07
02.03.2014,0.055
01.03.2014,0.055
28.02.2014,0.055
27.02.2014,0.055
26.02.2014,0.055
25.02.2014,0.055
24.02.2014,0.055
23.02.2014,0.055
22.02.2014,0.055
21.02.2014,0.055
20.02.2014,0.055
19.02.2014,0.055
18.02.2014,0.055
17.02.2014,0.055
16.02.2014,0.055
15.02.2014,0.055
14.02.2014,0.055
13.02.2014,0.055
12.02.2014,0.055
11.02.2014,0.055
10.02.2014,0.055
09.02.2014,0.055
08.02.2014,0.055
07.02.2014,0.055
06.02.2014,0.055
05.02.2014,0.055
04.02.2014,0.055
03.02.2014,0.055
02.02.2014,0.055
01.02.2014,0.055
31.01.2014,0.055
30.01.2014,0.055
29.01.2014,0.055
28.01.2014,0.055
27.01.2014,0.055
26.01.2014,0.055
25.01.2014,0.055
24.01.2014,0.055
23.01.2014,0.055
22.01.2014,0.055
21.01.2014,0.055
20.01.2014,0.055
19.01.2014,0.055
18.01.2014,0.055
17.01.2014,0.055
16.01.2014,0.055
15.01.2014,0.055
14.01.2014,0.055
13.01.2014,0.055
12.01.2014,0.055
11.01.2014,0.055
10.01.2014,0.055
09.01.2014,0.055
08.01.2014,0.055
07.01.2014,0.055
06.01.2014,0.055
05.01.2014,0.055
04.01.2014,0.055
03.01.2014,0.055
02.01.2014,0.055
01.01.2014,0.055
31.12.2013,0.055
30.12.2013,0.055
29.12.2013,0.055
28.12.2013,0.055
27.12.2013,0.055
26.12.2013,0.055
25.12.2013,0.055
24.12.2013,0.055
23.12.2013,0.055
22.12.2013,0.055
21.12.2013,0.055
20.12.2013,0.055
19.12.2013,0.055
18.12.2013,0.055
17.12.2013,0.055
16.12.2013,0.055
15.12.2013,0.055
14.12.2013,0.055
13.12.2013,0.055
12.12.2013,0.055
11.12.2013,0.055
10.12.2013,0.055
09.12.2013,0.055
08.12.2013,0.055
07.12.2013,0.055
06.12.2013,0.055
05.12.2013,0.055
04.12.2013,0.055
03.12.2013,0.055
02.12.2013,0.055
01.12.2013,0.055
30.11.2013,0.055
29.11.2013,0.055
28.11.2013,0.055
27.11.2013,0.055
26.11.2013,0.055
25.11.2013,0.055
24.11.2013,0.055
23.11.2013,0.055
22.11.2013,0.055
21.11.2013,0.055
20.11.2013,0.055
19.11.2013,0.055
18.11.2013,0.055
17.11.2013,0.055
16.11.2013,0.055
15.11.2013,0.055
14.11.2013,0.055
13.11.2013,0.055
12.11.2013,0.055
11.11.2013,0.055
10.11.2013,0.055
09.11.2013,0.055
08.11.2013,0.055
07.11.2013,0.055
06.11.2013,0.055
05.11.2013,0.055
04.11.2013,0.055
03.11.2013,0.055
02.11.2013,0.055
01.11.2013,0.055
31.10.2013,0.055
30.10.2013,0.055
29.10.2013,0.055
28.10.2013,0.055
27.10.2013,0.055
26.10.2013,0.055
25.10.2013,0.055
24.10.2013,0.055
23.10.2013,0.055
22.10.2013,0.055
21.10.2013,0.055
20.10.2013,0.055
19.10.2013,0.055
18.10.2013,0.055
17.10.2013,0.055
16.10.2013,0.055
15.10.2013,0.055
14.10.2013,0.055
13.10.2013,0.055
12.10.2013,0.055
11.10.2013,0.055
10.10.2013,0.055
09.10.2013,0.055
08.10.2013,0.055
07.10.2013,0.055
06.10.2013,0.055
05.10.2013,0.055
04.10.2013,0.055
03.10.2013,0.055
02.10.2013,0.055
01.10.2013,0.055
30.09.2013,0.055
29.09.2013,0.055
28.09.2013,0.055
27.09.2013,0.055
26.09.2013,0.055
25.09.2013,0.055
24.09.2013,0.055
23.09.2013,0.055
22.09.2013,0.055
21.09.2013,0.055
20.09.2013,0.055
19.09.2013,0.055
18.09.2013,0.055
17.09.2013,0.055
